COMPANY_ROLE_SKILLS_ID,COMPANY_ROLES_ID,SKILL_ID
0,588,25
1,2640,32
2,2640,32
3,10588,31
4,6549,31
5,4511,31
6,10026,40
7,7809,40
8,7802,1
9,7802,31
10,7833,31
11,6103,1
12,12927,3
13,12927,31
14,10025,40
15,12923,13
16,7834,31
17,6109,1
18,6109,31
19,10023,40
20,6105,1
21,6105,31
22,7833,31
23,7801,1
24,7823,3
25,18179,1
26,6104,1
27,6104,31
28,18221,31
29,7833,31
30,10570,31
31,23189,48
32,6612,14
33,4998,30
34,1007,32
35,23095,31
36,6612,14
37,7658,32
38,1009,47
39,6612,14
40,1013,4
41,1013,32
42,13251,13
43,5136,32
44,5136,32
45,8966,31
46,1007,32
47,14589,3
48,14589,3
49,9237,48
50,13251,13
51,13251,13
52,10929,16
53,1013,4
54,1013,32
55,14589,3
56,7649,32
57,7688,4
58,7688,32
59,7688,4
60,7688,32
61,7649,32
62,10929,16
63,7653,32
64,1013,4
65,1013,32
66,14589,3
67,18878,7
68,18878,7
69,15171,46
70,21157,48
71,12312,48
72,12323,48
73,20701,25
74,21157,48
75,9092,16
76,16053,48
77,8125,46
78,21286,25
79,18759,23
80,12375,25
81,7634,32
82,12365,48
83,12478,48
84,16034,19
85,16034,19
86,9714,25
87,17030,47
88,17720,4
89,17720,32
90,9693,25
91,19187,13
92,9693,25
93,8481,16
94,17228,13
95,7621,32
96,1029,46
97,16813,25
98,14590,3
99,12477,30
100,3209,25
101,417,48
102,16814,25
103,16814,25
104,3694,48
105,21678,48
106,21679,48
107,16814,25
108,3694,48
109,20677,46
110,21678,48
111,417,48
112,21679,48
113,739,30
114,14968,48
115,20449,31
116,10593,30
117,9190,46
118,9190,48
119,7544,48
120,9059,48
121,15158,31
122,4084,30
123,3665,30
124,14381,25
125,23443,16
126,1578,25
127,23437,16
128,23404,11
129,2006,25
130,21928,25
131,1578,25
132,21768,25
133,1805,25
134,1578,25
135,4693,25
136,4652,25
137,4652,46
138,22350,25
139,8641,25
140,5431,11
141,21067,14
142,22406,25
143,17959,25
144,8578,25
145,14970,25
146,5398,16
147,5376,11
148,1805,25
149,2006,25
150,23413,16
151,5370,11
152,22350,25
153,1578,25
154,8124,25
155,8124,46
156,23404,11
157,5057,25
158,22350,25
159,5377,11
160,21928,25
161,5454,16
162,21928,25
163,21001,25
164,21001,46
165,23443,16
166,17951,25
167,21768,25
168,20729,25
169,1805,25
170,21928,25
171,1805,25
172,23512,16
173,1578,25
174,5057,25
175,22350,25
176,22192,48
177,4653,46
178,21531,48
179,22380,25
180,17937,25
181,5434,25
182,22380,25
183,23513,11
184,21002,25
185,21002,46
186,2258,31
187,1805,25
188,2150,25
189,859,31
190,20729,25
191,5057,25
192,6134,46
193,2006,25
194,21768,25
195,1805,25
196,2006,25
197,1578,25
198,22214,11
199,20742,25
200,22350,25
201,8641,25
202,12627,25
203,21067,14
204,22380,25
205,5433,25
206,23404,11
207,3208,31
208,1936,11
209,5057,25
210,13342,25
211,5057,25
212,1664,11
213,3207,31
214,23447,25
215,23447,46
216,8807,25
217,23150,25
218,21084,16
219,22236,32
220,22380,25
221,5424,25
222,5424,25
223,1578,25
224,21080,11
225,21928,25
226,21928,25
227,1805,25
228,8642,25
229,23476,25
230,6744,11
231,1578,25
232,22193,46
233,13415,25
234,21768,25
235,21928,25
236,1805,25
237,1936,11
238,19691,30
239,1578,25
240,21928,25
241,1917,46
242,5057,25
243,20686,11
244,5402,31
245,23509,11
246,22380,25
247,17961,30
248,22380,25
249,1642,46
250,1578,25
251,5424,25
252,21768,25
253,1805,25
254,1578,25
255,5057,25
256,5470,25
257,20742,25
258,17425,25
259,22350,25
260,2006,25
261,21768,25
262,1805,25
263,2006,25
264,22406,25
265,22444,16
266,22597,25
267,2102,25
268,22350,25
269,22380,25
270,2010,25
271,22350,25
272,21067,14
273,22291,31
274,22291,48
275,22406,25
276,23476,25
277,8812,25
278,22304,16
279,1805,25
280,8807,25
281,21768,25
282,6754,11
283,5424,25
284,2005,25
285,23382,46
286,22350,25
287,23494,25
288,1916,46
289,13415,25
290,8862,25
291,2104,25
292,2104,25
293,22241,16
294,1974,31
295,21768,25
296,1805,25
297,22406,25
298,21997,25
299,5370,11
300,18004,25
301,8822,25
302,22313,25
303,23494,25
304,2104,25
305,14970,25
306,13389,25
307,5424,25
308,1805,25
309,13323,32
310,5057,25
311,8812,25
312,22406,25
313,8868,25
314,22597,25
315,2006,25
316,1805,25
317,2006,25
318,22597,25
319,22350,25
320,2006,25
321,5470,25
322,23476,25
323,22438,16
324,427,31
325,3207,31
326,23150,25
327,2104,25
328,5424,25
329,1858,4
330,22350,25
331,23289,16
332,2006,25
333,22597,25
334,2073,16
335,22304,16
336,8862,25
337,2104,25
338,2104,25
339,1805,25
340,13449,46
341,22406,25
342,22403,25
343,12639,25
344,2006,25
345,2104,25
346,13457,25
347,22350,25
348,2258,31
349,2006,25
350,14970,25
351,2104,25
352,22549,48
353,22312,25
354,18038,25
355,8812,25
356,22350,25
357,2006,25
358,2006,25
359,22597,25
360,17908,11
361,22350,25
362,2104,25
363,8578,25
364,2050,16
365,8852,25
366,22438,16
367,22597,25
368,22663,16
369,2258,31
370,2104,25
371,22380,25
372,1805,25
373,22051,16
374,21768,25
375,22350,25
376,22597,25
377,13415,25
378,2104,25
379,21768,25
380,12650,31
381,2006,25
382,22597,25
383,2104,25
384,13318,46
385,22350,25
386,12584,25
387,2006,25
388,22597,25
389,12648,25
390,2104,25
391,18045,25
392,13342,25
393,22619,25
394,22597,25
395,22597,25
396,2104,25
397,5424,25
398,5424,25
399,22570,25
400,22597,25
401,2104,25
402,2104,25
403,20729,25
404,8852,25
405,22597,25
406,22598,25
407,22597,25
408,13457,25
409,22664,16
410,2104,25
411,2104,25
412,2104,25
413,22489,46
414,21276,48
415,8314,25
416,4763,31
417,1823,25
418,1687,46
419,8248,48
420,8729,14
421,21064,31
422,4785,48
423,1698,46
424,1698,48
425,1699,48
426,21605,25
427,8293,31
428,3551,31
429,8228,31
430,562,31
431,12578,48
432,8342,31
433,4786,48
434,1697,48
435,775,31
436,22899,45
437,9999,31
438,22905,31
439,22918,48
440,1702,48
441,5296,31
442,4783,48
443,8249,31
444,8249,48
445,9203,31
446,9203,48
447,1699,48
448,4780,25
449,4780,31
450,4780,48
451,21274,48
452,22917,48
453,19465,48
454,22914,48
455,6487,31
456,22770,48
457,5303,45
458,2355,31
459,8990,31
460,23258,31
461,23258,48
462,22919,48
463,15357,48
464,565,31
465,458,31
466,8342,31
467,21396,14
468,3868,31
469,8355,31
470,754,25
471,8314,25
472,5032,25
473,776,31
474,22981,31
475,1629,46
476,1629,48
477,7763,48
478,22917,48
479,21265,46
480,21265,48
481,22919,48
482,22915,25
483,22915,31
484,22915,48
485,582,48
486,12857,48
487,5031,25
488,6487,31
489,5305,31
490,457,31
491,811,31
492,4615,31
493,4765,31
494,2355,31
495,22920,48
496,584,48
497,10611,31
498,23258,31
499,23258,48
500,22732,31
501,484,46
502,579,48
503,22949,12
504,22949,31
505,8454,25
506,8248,48
507,15717,31
508,3798,31
509,4671,31
510,754,25
511,23029,25
512,8978,31
513,22913,46
514,22913,48
515,5109,31
516,22981,31
517,3867,31
518,8232,31
519,8417,45
520,1653,31
521,4784,48
522,810,31
523,8208,46
524,22875,31
525,570,31
526,22849,31
527,1713,12
528,1713,31
529,8229,31
530,23343,31
531,9181,48
532,8256,48
533,12857,48
534,8257,48
535,5031,25
536,8250,48
537,22911,31
538,22911,48
539,7691,32
540,1680,19
541,17178,7
542,6102,1
543,1704,25
544,17560,48
545,7646,32
546,17242,32
547,17568,31
548,1831,25
549,16642,32
550,4907,7
551,11658,7
552,1716,25
553,16991,7
554,18188,48
555,1055,48
556,790,46
557,18204,7
558,20357,48
559,17216,4
560,17216,32
561,15173,46
562,5079,46
563,14241,25
564,14241,48
565,4798,25
566,4600,48
567,4827,25
568,18189,48
569,5148,31
570,5148,48
571,4797,25
572,5158,13
573,9210,48
574,5775,32
575,15487,25
576,21286,25
577,1696,48
578,1696,48
579,18187,31
580,18187,48
581,22916,48
582,17560,48
583,437,31
584,17242,32
585,6260,7
586,17568,31
587,21904,32
588,21904,48
589,4800,25
590,773,46
591,1132,31
592,1132,48
593,4907,7
594,1643,46
595,17004,7
596,17004,31
597,17004,48
598,1716,25
599,18188,48
600,1644,25
601,4796,25
602,1705,25
603,1703,25
604,11658,7
605,5132,2
606,5178,48
607,576,48
608,213,7
609,4979,13
610,588,25
611,1630,7
612,19752,16
613,21290,25
614,21286,25
615,4985,32
616,16994,7
617,698,7
618,13598,32
619,5154,7
620,21120,14
621,5154,7
622,13158,32
623,17568,31
624,20210,48
625,9217,48
626,23532,25
627,18173,31
628,4781,48
629,9216,48
630,11658,7
631,4907,7
632,8970,31
633,1717,25
634,16427,2
635,16427,7
636,1716,25
637,18188,48
638,9089,16
639,5136,32
640,22893,31
641,1891,48
642,21272,48
643,19753,16
644,23230,7
645,5202,30
646,9188,48
647,4734,32
648,15879,25
649,4907,7
650,16993,2
651,16993,7
652,1703,25
653,4719,19
654,5156,7
655,5156,32
656,11714,7
657,1758,7
658,5158,13
659,4621,7
660,4779,48
661,577,48
662,18330,48
663,16663,31
664,16663,48
665,697,7
666,5127,25
667,7647,32
668,4790,31
669,4789,31
670,21287,25
671,5099,25
672,4845,32
673,17568,31
674,4777,48
675,17217,4
676,17217,32
677,9217,48
678,4812,31
679,1762,25
680,4907,7
681,16991,7
682,4930,48
683,1680,19
684,20212,48
685,4954,31
686,5175,25
687,5222,7
688,4734,32
689,699,7
690,4907,7
691,17559,48
692,4600,48
693,22971,31
694,22971,48
695,12157,48
696,11658,7
697,4778,48
698,5214,4
699,4906,7
700,17242,32
701,20506,48
702,20483,31
703,4979,13
704,5177,48
705,5155,7
706,15915,48
707,21120,14
708,4630,46
709,7646,32
710,1711,48
711,22856,19
712,5154,7
713,4845,32
714,22815,46
715,22962,31
716,22962,48
717,21609,13
718,13189,48
719,23027,48
720,11658,7
721,22929,25
722,4782,7
723,4782,48
724,17884,48
725,21234,31
726,11903,25
727,11903,32
728,5253,25
729,13242,13
730,16994,7
731,4656,46
732,4844,48
733,10122,7
734,4907,7
735,4999,30
736,22797,25
737,23032,48
738,11658,7
739,23342,25
740,4614,46
741,20963,48
742,23015,7
743,4754,48
744,11669,7
745,7053,7
746,8970,31
747,21267,48
748,11695,7
749,11660,7
750,11660,48
751,11692,3
752,11692,7
753,23233,13
754,4929,25
755,4993,4
756,20563,48
757,16994,7
758,13251,13
759,11666,7
760,2138,32
761,9199,48
762,15430,3
763,15430,7
764,4819,7
765,10734,46
766,5153,7
767,588,25
768,5298,48
769,17000,7
770,10183,31
771,9187,48
772,1765,25
773,11658,7
774,11714,7
775,9180,48
776,16994,7
777,5250,25
778,23033,48
779,5154,7
780,4982,13
781,13239,13
782,18173,31
783,22912,48
784,4981,13
785,4700,48
786,23015,7
787,5224,13
788,10001,31
789,5135,32
790,4976,48
791,11681,7
792,19708,7
793,11677,7
794,21120,14
795,23232,7
796,18736,16
797,18736,32
798,11658,7
799,21272,48
800,7047,48
801,4907,7
802,19585,32
803,11661,7
804,11661,31
805,11947,32
806,18434,16
807,16632,32
808,11728,7
809,7662,32
810,11658,7
811,11707,7
812,17410,16
813,18432,16
814,7657,32
815,11658,7
816,10068,16
817,11708,7
818,10037,16
819,14706,16
820,7697,16
821,11658,7
822,11658,7
823,11658,7
824,4922,32
825,1033,16
826,1033,46
827,4907,7
828,10532,16
829,11658,7
830,11947,32
831,18434,16
832,4910,7
833,4736,16
834,20136,7
835,16632,32
836,22910,16
837,7696,16
838,17410,16
839,4911,7
840,4735,32
841,4907,7
842,11658,7
843,14707,16
844,10524,14
845,6151,46
846,6153,46
847,7655,32
848,15668,30
849,7621,32
850,15671,31
851,19185,13
852,12019,13
853,9090,16
854,7631,32
855,10563,31
856,10563,31
857,21263,48
858,22098,31
859,11714,7
860,11714,7
861,3466,7
862,1036,46
863,17224,13
864,18686,4
865,17118,14
866,6610,14
867,969,1
868,969,31
869,11719,5
870,11719,7
871,13245,13
872,13259,13
873,17549,1
874,20628,47
875,1036,46
876,10458,48
877,9961,48
878,15412,46
879,13239,13
880,8975,31
881,20566,5
882,20566,7
883,20566,48
884,17892,47
885,12152,48
886,17583,31
887,16999,7
888,7686,32
889,20628,47
890,9105,16
891,9105,48
892,1036,46
893,20043,13
894,20355,14
895,8972,31
896,16996,7
897,16996,23
898,13239,13
899,18298,31
900,16999,7
901,16348,14
902,17892,47
903,8971,31
904,12152,48
905,20479,31
906,6611,14
907,17451,48
908,9214,48
909,13251,13
910,6613,14
911,10643,48
912,16428,1
913,20628,47
914,20628,47
915,1036,46
916,20355,14
917,8972,31
918,15208,48
919,10554,16
920,17228,13
921,13239,13
922,7621,32
923,13252,13
924,9096,16
925,17224,13
926,17451,48
927,18686,4
928,20628,47
929,9105,16
930,9105,48
931,20043,13
932,8972,31
933,10120,13
934,17892,47
935,9096,16
936,13251,13
937,10911,13
938,17033,23
939,6390,3
940,6390,46
941,9106,16
942,9106,48
943,17892,47
944,19846,48
945,13251,13
946,9096,16
947,6613,14
948,13251,13
949,13255,13
950,20628,47
951,9182,48
952,16799,48
953,7525,25
954,13252,13
955,17008,5
956,17008,7
957,17225,13
958,17225,13
959,20563,48
960,20563,48
961,15623,9
962,20821,31
963,427,31
964,22597,25
965,854,31
966,22350,25
967,8796,31
968,2258,31
969,20811,25
970,8045,31
971,22101,31
972,8655,31
973,22680,31
974,21768,25
975,22597,25
976,22350,25
977,8448,31
978,12650,31
979,4066,31
980,8655,31
981,8852,25
982,22597,25
983,12650,31
984,12654,31
985,8860,31
986,22680,31
987,20462,31
988,17925,25
989,17924,25
990,12527,48
991,17924,25
992,16744,31
993,9039,31
994,9183,48
995,17151,16
996,17075,16
997,12510,16
998,16266,9
999,12510,16
1000,17151,16
1001,12348,16
1002,12510,16
1003,17151,16
1004,17138,9
1005,12510,16
1006,12348,16
1007,12510,16
1008,12459,9
1009,7649,32
1010,17151,16
1011,13955,9
1012,12510,16
1013,17151,16
1014,13955,9
1015,17075,16
1016,12510,16
1017,13953,32
1018,12510,16
1019,16266,9
1020,16736,16
1021,17151,16
1022,12348,16
1023,16266,9
1024,12510,16
1025,17075,16
1026,8667,16
1027,17075,16
1028,8667,16
1029,13953,32
1030,12459,9
1031,12348,16
1032,13953,32
1033,17151,16
1034,12510,16
1035,12348,16
1036,12510,16
1037,12358,32
1038,12459,9
1039,7649,32
1040,17151,16
1041,13955,9
1042,12510,16
1043,17151,16
1044,13955,9
1045,19168,16
1046,17060,46
1047,8125,46
1048,17075,16
1049,12510,16
1050,16266,9
1051,13955,9
1052,8569,9
1053,17151,16
1054,8667,16
1055,16266,9
1056,12510,16
1057,13953,32
1058,12459,9
1059,17151,16
1060,13955,9
1061,12510,16
1062,12348,16
1063,12459,9
1064,17151,16
1065,8569,9
1066,12510,16
1067,17151,16
1068,13955,9
1069,8667,16
1070,12348,16
1071,17151,16
1072,8667,16
1073,12510,16
1074,8667,16
1075,12510,16
1076,12510,16
1077,13955,9
1078,16266,9
1079,16736,16
1080,8569,9
1081,17151,16
1082,12348,16
1083,12348,16
1084,12358,32
1085,16266,9
1086,12510,16
1087,17075,16
1088,17138,9
1089,8667,16
1090,17075,16
1091,7649,32
1092,8667,16
1093,13953,32
1094,8667,16
1095,12459,9
1096,17151,16
1097,16266,9
1098,8667,16
1099,17151,16
1100,17151,16
1101,16736,16
1102,18930,9
1103,13953,32
1104,17138,9
1105,12510,16
1106,13955,9
1107,12348,16
1108,12510,16
1109,17151,16
1110,17151,16
1111,8880,48
1112,12459,9
1113,17151,16
1114,16736,16
1115,13955,9
1116,17151,16
1117,13955,9
1118,13955,9
1119,17151,16
1120,8667,16
1121,17075,16
1122,12510,16
1123,17075,16
1124,12510,16
1125,13955,9
1126,16266,9
1127,13955,9
1128,17151,16
1129,12348,16
1130,12358,32
1131,12358,32
1132,17075,16
1133,16266,9
1134,12510,16
1135,12080,16
1136,17075,16
1137,17138,9
1138,8667,16
1139,8667,16
1140,13953,32
1141,17075,16
1142,8667,16
1143,13955,9
1144,12459,9
1145,16266,9
1146,17151,16
1147,17151,16
1148,13953,32
1149,17138,9
1150,12510,16
1151,13955,9
1152,12510,16
1153,12348,16
1154,17151,16
1155,17047,16
1156,17151,16
1157,8195,16
1158,17075,16
1159,8195,16
1160,12358,32
1161,12459,9
1162,17151,16
1163,16736,16
1164,13955,9
1165,8569,9
1166,17151,16
1167,13955,9
1168,17151,16
1169,14154,9
1170,8125,46
1171,8221,48
1172,8667,16
1173,17075,16
1174,12510,16
1175,12348,16
1176,12510,16
1177,12510,16
1178,17151,16
1179,16266,9
1180,8569,9
1181,12510,16
1182,17151,16
1183,12348,16
1184,16266,9
1185,12510,16
1186,17075,16
1187,8667,16
1188,8667,16
1189,8667,16
1190,17075,16
1191,8667,16
1192,12459,9
1193,8667,16
1194,17151,16
1195,17151,16
1196,12459,9
1197,12510,16
1198,12510,16
1199,12348,16
1200,17151,16
1201,17151,16
1202,8880,48
1203,17075,16
1204,12459,9
1205,17151,16
1206,16736,16
1207,13955,9
1208,12510,16
1209,17151,16
1210,13955,9
1211,16727,16
1212,17151,16
1213,8667,16
1214,3117,25
1215,13816,31
1216,13816,48
1217,12210,23
1218,12210,23
1219,20189,16
1220,19310,7
1221,8667,16
1222,8672,16
1223,7321,19
1224,19310,7
1225,20189,16
1226,8519,16
1227,12161,48
1228,12510,16
1229,7689,32
1230,12909,16
1231,659,25
1232,8360,48
1233,8742,31
1234,8588,25
1235,659,25
1236,8209,46
1237,8589,25
1238,4080,31
1239,3733,25
1240,19441,31
1241,8154,25
1242,9689,25
1243,8206,46
1244,8253,48
1245,8205,46
1246,4080,31
1247,8589,25
1248,7629,32
1249,13243,13
1250,12150,48
1251,16955,48
1252,7621,32
1253,7638,32
1254,7621,32
1255,20457,31
1256,15047,48
1257,10514,31
1258,10515,31
1259,20124,19
1260,20457,31
1261,7396,16
1262,15161,31
1263,5958,16
1264,9112,16
1265,12665,31
1266,6106,1
1267,10023,40
1268,17225,13
1269,13247,13
1270,20488,31
1271,8968,31
1272,7621,32
1273,10023,40
1274,20565,48
1275,5868,48
1276,8969,31
1277,17225,13
1278,20570,47
1279,20570,48
1280,8968,31
1281,19275,48
1282,9206,48
1283,10023,40
1284,20565,48
1285,17225,13
1286,20565,48
1287,10023,40
1288,10023,40
1289,8969,31
1290,17225,13
1291,21860,31
1292,15183,16
1293,5988,16
1294,7675,32
1295,6112,46
1296,19634,25
1297,7678,32
1298,11181,25
1299,13237,13
1300,7706,32
1301,7679,32
1302,11180,25
1303,15213,16
1304,5988,16
1305,15185,16
1306,15211,48
1307,9705,25
1308,9721,25
1309,9721,25
1310,9710,25
1311,12886,48
1312,11185,25
1313,9695,25
1314,9707,25
1315,5666,48
1316,17451,48
1317,9711,25
1318,9705,25
1319,9676,25
1320,9095,16
1321,5941,32
1322,9108,16
1323,7680,32
1324,11184,25
1325,9675,25
1326,15186,16
1327,9110,16
1328,1452,32
1329,6992,31
1330,9107,16
1331,9722,25
1332,9095,16
1333,20087,13
1334,20087,48
1335,6003,32
1336,9705,25
1337,15209,48
1338,20054,48
1339,9708,25
1340,5665,48
1341,9705,25
1342,9095,16
1343,9108,16
1344,11182,25
1345,9712,25
1346,7679,32
1347,9095,16
1348,7677,32
1349,13236,13
1350,13236,46
1351,7973,16
1352,13235,13
1353,13235,46
1354,15212,48
1355,11183,25
1356,9095,16
1357,7681,32
1358,9675,25
1359,6212,46
1360,9704,25
1361,9675,25
1362,9706,25
1363,9677,25
1364,5664,48
1365,13232,13
1366,9108,16
1367,9095,16
1368,13235,13
1369,13235,46
1370,11842,25
1371,20056,13
1372,20056,48
1373,7334,19
1374,9705,25
1375,9095,16
1376,15718,31
1377,9705,25
1378,12821,31
1379,7336,19
1380,11182,25
1381,13202,9
1382,9220,48
1383,7336,19
1384,9095,16
1385,7677,32
1386,9675,25
1387,12884,48
1388,9617,14
1389,11179,25
1390,9093,16
1391,11843,25
1392,9107,16
1393,9695,25
1394,9713,25
1395,9095,16
1396,8878,16
1397,9108,16
1398,9107,16
1399,7341,19
1400,11842,25
1401,5664,48
1402,14770,9
1403,6179,46
1404,8252,46
1405,8252,48
1406,14769,9
1407,20460,31
1408,15708,31
1409,13201,9
1410,14770,9
1411,20934,48
1412,6179,46
1413,9234,48
1414,14769,9
1415,15709,31
1416,8313,48
1417,13201,9
1418,14770,9
1419,13197,9
1420,22117,48
1421,21421,48
1422,4346,48
1423,14769,9
1424,21859,31
1425,15718,31
1426,13202,9
1427,21261,48
1428,12815,9
1429,13201,9
1430,15184,16
1431,14769,9
1432,13202,9
1433,14771,9
1434,13201,9
1435,13203,31
1436,12821,31
1437,14775,9
1438,13202,9
1439,1835,31
1440,12820,31
1441,9969,31
1442,9969,48
1443,13203,31
1444,22117,48
1445,8265,48
1446,20460,31
1447,1835,31
1448,12815,9
1449,14771,9
1450,21421,48
1451,15718,31
1452,13201,9
1453,14770,9
1454,6179,46
1455,13197,9
1456,12821,31
1457,4346,48
1458,14775,9
1459,14769,9
1460,15709,31
1461,15710,31
1462,21859,31
1463,12820,31
1464,15719,31
1465,20934,48
1466,15184,16
1467,8252,46
1468,8252,48
1469,9234,48
1470,15709,31
1471,20842,48
1472,21261,48
1473,13202,9
1474,6180,46
1475,15708,31
1476,8313,48
1477,8743,31
1478,21265,46
1479,21265,48
1480,6132,46
1481,22825,25
1482,9628,19
1483,12110,48
1484,16632,32
1485,14774,9
1486,11658,7
1487,11883,7
1488,12937,46
1489,12903,25
1490,16640,32
1491,12510,16
1492,3501,25
1493,12431,16
1494,16113,46
1495,16459,13
1496,14774,9
1497,14003,32
1498,12510,16
1499,14052,13
1500,13940,7
1501,13940,16
1502,16640,32
1503,14003,32
1504,16113,46
1505,14052,13
1506,16640,32
1507,8195,16
1508,14003,32
1509,17225,13
1510,13239,13
1511,20632,47
1512,20632,48
1513,8879,48
1514,16640,32
1515,12510,16
1516,17225,13
1517,16632,32
1518,16112,46
1519,1026,46
1520,17871,31
1521,20456,31
1522,15158,31
1523,16852,40
1524,15158,31
1525,16852,40
1526,16852,40
1527,20456,31
1528,17871,31
1529,15158,31
1530,16852,40
1531,10523,16
1532,12209,23
1533,15158,31
1534,15158,31
1535,14851,31
1536,14851,31
1537,15158,31
1538,10500,40
1539,14851,31
1540,15159,31
1541,14851,31
1542,15158,31
1543,10500,40
1544,15159,31
1545,15158,31
1546,14851,31
1547,15162,31
1548,15162,31
1549,20449,31
1550,10023,40
1551,7651,32
1552,10022,40
1553,20449,31
1554,80,48
1555,13628,31
1556,20449,31
1557,15158,31
1558,20485,31
1559,20449,31
1560,15158,31
1561,16636,32
1562,20481,31
1563,16636,32
1564,13628,31
1565,20449,31
1566,282,31
1567,15158,31
1568,15162,31
1569,10023,40
1570,11972,40
1571,15162,31
1572,20485,31
1573,7651,32
1574,15158,31
1575,80,48
1576,10022,40
1577,13803,30
1578,13803,30
1579,13803,30
1580,17290,16
1581,14004,16
1582,14004,32
1583,14110,16
1584,14110,16
1585,8195,16
1586,17301,16
1587,14163,16
1588,14003,32
1589,14110,16
1590,17625,16
1591,19160,19
1592,14110,16
1593,16640,32
1594,19434,16
1595,8200,16
1596,17072,19
1597,14110,16
1598,10512,31
1599,20563,48
1600,13796,25
1601,20563,48
1602,10512,31
1603,13796,25
1604,7621,32
1605,12205,23
1606,7639,32
1607,12205,23
1608,7621,32
1609,17225,13
1610,2793,16
1611,12205,23
1612,17033,23
1613,12004,23
1614,21229,16
1615,21229,16
1616,2793,16
1617,8241,16
1618,17872,31
1619,18423,16
1620,7646,32
1621,12873,7
1622,20391,48
1623,7629,32
1624,7629,32
1625,17225,13
1626,12873,7
1627,17223,13
1628,13209,32
1629,16940,19
1630,8390,14
1631,1028,46
1632,7631,32
1633,13239,13
1634,7640,32
1635,17225,13
1636,8390,14
1637,1028,46
1638,16325,25
1639,16334,25
1640,17223,13
1641,1028,46
1642,8456,13
1643,12340,19
1644,12320,13
1645,12320,16
1646,7631,32
1647,14672,16
1648,17196,7
1649,16333,25
1650,7633,32
1651,9686,25
1652,9686,25
1653,16992,7
1654,16991,7
1655,10556,31
1656,11646,7
1657,16991,7
1658,16994,7
1659,11644,7
1660,11883,7
1661,19133,7
1662,19132,7
1663,11644,7
1664,18881,7
1665,18066,31
1666,20470,31
1667,7621,32
1668,20470,31
1669,7621,32
1670,8566,16
1671,17072,19
1672,13999,32
1673,9601,25
1674,12340,19
1675,17152,16
1676,12340,19
1677,540,19
1678,8191,19
1679,12341,19
1680,7326,19
1681,9598,25
1682,541,19
1683,13999,32
1684,16632,32
1685,12343,19
1686,17073,19
1687,541,19
1688,12343,19
1689,17073,19
1690,8191,19
1691,541,19
1692,12343,19
1693,4067,31
1694,4067,31
1695,4067,31
1696,17450,31
1697,8088,16
1698,20563,48
1699,3176,48
1700,20700,48
1701,11736,23
1702,21437,25
1703,9683,25
1704,20457,31
1705,21441,31
1706,21437,25
1707,9683,25
1708,9683,25
1709,21441,31
1710,21437,25
1711,21437,25
1712,21437,25
1713,9683,25
1714,9683,25
1715,21386,46
1716,21441,31
1717,9683,25
1718,21386,46
1719,16997,7
1720,16997,7
1721,17716,4
1722,18681,4
1723,17716,4
1724,18681,4
1725,9230,48
1726,9231,48
1727,9753,25
1728,20690,25
1729,6963,25
1730,6768,32
1731,10581,31
1732,22896,46
1733,10509,13
1734,22897,46
1735,22898,46
1736,6768,32
1737,6768,32
1738,10292,25
1739,4301,25
1740,22895,46
1741,5301,19
1742,16504,32
1743,5954,25
1744,10389,25
1745,16037,32
1746,6768,32
1747,22800,46
1748,16794,7
1749,16794,48
1750,10292,25
1751,11901,48
1752,9195,48
1753,5954,25
1754,16994,7
1755,20980,25
1756,3317,48
1757,17129,16
1758,23287,48
1759,10327,48
1760,23286,48
1761,16881,25
1762,6225,48
1763,10388,25
1764,6225,48
1765,9195,48
1766,21202,31
1767,18327,40
1768,7881,13
1769,6897,40
1770,15158,31
1771,13544,25
1772,12784,14
1773,9699,25
1774,10023,40
1775,10023,40
1776,10023,40
1777,4005,25
1778,831,25
1779,3181,48
1780,4004,25
1781,14264,48
1782,10255,46
1783,16994,7
1784,16636,32
1785,12378,16
1786,117,16
1787,13250,13
1788,16636,32
1789,13239,13
1790,11947,32
1791,16773,13
1792,16773,16
1793,13251,13
1794,13251,13
1795,13249,13
1796,9073,13
1797,9073,16
1798,13249,13
1799,14804,16
1800,7621,32
1801,16638,32
1802,7206,16
1803,9082,16
1804,16994,7
1805,16784,16
1806,728,13
1807,11947,32
1808,15982,16
1809,11948,32
1810,16773,13
1811,16773,16
1812,13249,13
1813,18737,32
1814,7621,32
1815,17225,13
1816,9074,13
1817,16994,7
1818,727,13
1819,727,16
1820,16632,32
1821,16785,16
1822,16428,1
1823,11658,7
1824,14785,16
1825,16994,7
1826,16778,16
1827,16773,13
1828,16773,16
1829,16636,32
1830,16564,16
1831,8286,16
1832,9073,13
1833,9073,16
1834,7649,32
1835,9087,16
1836,7621,32
1837,7813,16
1838,16994,7
1839,16994,7
1840,11658,7
1841,16994,7
1842,9073,13
1843,9073,16
1844,16785,16
1845,9073,13
1846,9073,16
1847,11658,7
1848,16994,7
1849,16773,13
1850,16773,16
1851,9074,13
1852,9073,13
1853,9073,16
1854,17245,4
1855,16636,32
1856,11948,32
1857,11948,32
1858,9073,13
1859,9073,16
1860,16564,16
1861,9087,16
1862,16632,32
1863,16632,32
1864,16994,7
1865,16785,16
1866,9082,16
1867,16994,7
1868,728,13
1869,9082,16
1870,16632,32
1871,9073,13
1872,9073,16
1873,16785,16
1874,11658,7
1875,9087,16
1876,7301,16
1877,16636,32
1878,9073,13
1879,9073,16
1880,16994,7
1881,16632,32
1882,14804,16
1883,12309,46
1884,16636,32
1885,16636,32
1886,9073,13
1887,9073,16
1888,728,13
1889,11947,32
1890,9074,13
1891,16994,7
1892,11947,32
1893,12359,32
1894,9087,16
1895,12309,46
1896,9087,16
1897,16632,32
1898,131,48
1899,16165,30
1900,21255,16
1901,9261,46
1902,17875,31
1903,154,16
1904,9261,46
1905,155,16
1906,19188,13
1907,17886,48
1908,9261,46
1909,20024,16
1910,15074,31
1911,20022,16
1912,12371,16
1913,154,16
1914,16756,16
1915,17875,31
1916,18891,16
1917,10313,31
1918,17715,4
1919,18951,16
1920,154,16
1921,9687,25
1922,15107,31
1923,12148,47
1924,13252,13
1925,20487,31
1926,20461,31
1927,20461,31
1928,20484,31
1929,13239,13
1930,20458,31
1931,12146,47
1932,20463,31
1933,20461,31
1934,13239,13
1935,20463,31
1936,7577,32
1937,21913,7
1938,586,48
1939,21280,31
1940,19383,31
1941,6237,31
1942,6237,48
1943,2140,31
1944,2140,48
1945,21750,16
1946,1780,13
1947,21280,31
1948,21750,16
1949,1802,16
1950,3553,14
1951,4787,31
1952,4787,48
1953,21750,16
1954,4787,31
1955,4787,48
1956,21750,16
1957,3553,14
1958,7577,32
1959,21974,48
1960,603,31
1961,21750,16
1962,21913,7
1963,1802,16
1964,4787,31
1965,4787,48
1966,19383,31
1967,21195,46
1968,4091,46
1969,3190,46
1970,21750,16
1971,586,48
1972,1780,13
1973,21750,16
1974,21280,31
1975,17922,48
1976,6237,31
1977,6237,48
1978,4787,31
1979,4787,48
1980,21750,16
1981,2140,31
1982,2140,48
1983,2273,31
1984,2273,46
1985,17940,31
1986,9225,48
1987,1780,13
1988,21974,48
1989,4091,46
1990,21974,48
1991,9225,48
1992,9243,48
1993,9243,48
1994,12563,46
1995,12563,46
1996,8479,13
1997,17225,13
1998,13239,13
1999,20567,48
2000,20569,47
2001,20569,48
2002,13239,13
2003,2438,46
2004,14589,3
2005,14589,3
2006,14589,3
2007,6419,47
2008,6419,47
2009,3694,48
2010,19114,13
2011,19114,14
2012,4591,48
2013,8492,16
2014,540,19
2015,857,31
2016,19114,13
2017,19114,14
2018,858,31
2019,551,32
2020,19114,13
2021,19114,14
2022,858,31
2023,540,19
2024,18992,32
2025,11993,13
2026,858,31
2027,18110,7
2028,7333,19
2029,14330,46
2030,7333,19
2031,14330,46
2032,18110,7
2033,15340,25
2034,15353,25
2035,15353,25
2036,15378,25
2037,1703,25
2038,588,25
2039,9,4
2040,17241,32
2041,16034,19
2042,5041,16
2043,14179,48
2044,14179,48
2045,892,31
2046,15162,31
2047,15162,31
2048,15162,31
2049,15160,31
2050,12773,14
2051,13238,13
2052,6911,7
2053,11657,7
2054,10123,7
2055,6912,7
2056,6911,7
2057,15210,48
2058,18800,4
2059,6912,7
2060,6913,7
2061,6911,7
2062,11772,13
2063,20482,31
2064,11658,7
2065,6913,7
2066,15210,48
2067,6912,7
2068,10123,7
2069,12773,14
2070,6913,7
2071,11657,7
2072,18800,4
2073,11772,13
2074,13238,13
2075,6911,7
2076,8569,9
2077,7621,32
2078,1758,7
2079,18321,16
2080,9056,32
2081,8667,16
2082,7621,32
2083,23275,4
2084,9055,32
2085,3080,16
2086,2667,16
2087,16632,32
2088,14229,48
2089,8667,16
2090,7330,19
2091,20106,48
2092,12830,32
2093,6467,48
2094,8667,16
2095,18316,48
2096,14387,25
2097,7621,32
2098,8667,16
2099,8667,16
2100,9310,31
2101,7649,32
2102,7621,32
2103,18316,48
2104,9573,48
2105,3079,16
2106,20648,48
2107,6467,48
2108,14228,48
2109,14311,48
2110,7646,32
2111,9558,16
2112,9573,48
2113,23252,46
2114,23501,16
2115,23362,46
2116,21768,25
2117,23395,32
2118,21269,48
2119,21911,25
2120,8176,31
2121,3302,48
2122,1805,25
2123,578,48
2124,13734,25
2125,5351,25
2126,5358,16
2127,8790,48
2128,5377,11
2129,4069,31
2130,22101,31
2131,23509,11
2132,13732,25
2133,23501,16
2134,21768,25
2135,23419,16
2136,23399,32
2137,3185,48
2138,22307,25
2139,8810,25
2140,22679,31
2141,22437,16
2142,2104,25
2143,22350,25
2144,1965,7
2145,22663,16
2146,22438,16
2147,2260,31
2148,22465,31
2149,8783,25
2150,22679,31
2151,22597,25
2152,22350,25
2153,8796,31
2154,22438,16
2155,22051,16
2156,22101,31
2157,22680,31
2158,12645,25
2159,22597,25
2160,22249,11
2161,22350,25
2162,12626,25
2163,22597,25
2164,22598,25
2165,22664,16
2166,22597,25
2167,21608,13
2168,21608,13
2169,12881,13
2170,7621,32
2171,7621,32
2172,16632,32
2173,17921,16
2174,7621,32
2175,17199,48
2176,18677,4
2177,18677,32
2178,12508,16
2179,11572,48
2180,7621,32
2181,12272,16
2182,8278,25
2183,12425,13
2184,21255,16
2185,16632,32
2186,21798,46
2187,21798,48
2188,11572,48
2189,9954,13
2190,7621,32
2191,8664,16
2192,16632,32
2193,11949,32
2194,11573,48
2195,11572,48
2196,17198,48
2197,7621,32
2198,11947,32
2199,8475,25
2200,7649,32
2201,7649,32
2202,3187,48
2203,15372,48
2204,1641,2
2205,3187,48
2206,431,31
2207,9225,48
2208,18332,7
2209,15372,48
2210,3187,48
2211,15372,48
2212,18332,7
2213,1641,2
2214,3187,48
2215,431,31
2216,9225,48
2217,8278,25
2218,11673,7
2219,11718,5
2220,11718,7
2221,19135,7
2222,7684,32
2223,16796,48
2224,15726,48
2225,7649,32
2226,18680,4
2227,18680,32
2228,18227,32
2229,16640,32
2230,7649,32
2231,8498,16
2232,11694,7
2233,17007,5
2234,17007,7
2235,13258,13
2236,13239,13
2237,11718,5
2238,11718,7
2239,7621,32
2240,7649,32
2241,8667,16
2242,17119,16
2243,3176,48
2244,7649,32
2245,7657,32
2246,3176,48
2247,16640,32
2248,17119,16
2249,13239,13
2250,7621,32
2251,17239,32
2252,9185,48
2253,14544,25
2254,18423,16
2255,9192,48
2256,10525,19
2257,10576,31
2258,20471,31
2259,7657,32
2260,15337,48
2261,18272,25
2262,10575,31
2263,10576,31
2264,9679,25
2265,7657,32
2266,15337,48
2267,9204,48
2268,12162,48
2269,9235,48
2270,20424,48
2271,15171,46
2272,10576,31
2273,13828,31
2274,13828,48
2275,13252,13
2276,13564,48
2277,10576,31
2278,7657,32
2279,6331,14
2280,11674,7
2281,11674,48
2282,9236,48
2283,8255,48
2284,6177,46
2285,21196,46
2286,8364,31
2287,6177,46
2288,21196,46
2289,8364,31
2290,8255,48
2291,12123,25
2292,9613,25
2293,17599,25
2294,17451,48
2295,13807,30
2296,7683,32
2297,18681,4
2298,2252,25
2299,1484,25
2300,7022,25
2301,7022,30
2302,13240,13
2303,20691,25
2304,3666,30
2305,10016,25
2306,12154,48
2307,7327,19
2308,19709,16
2309,19734,16
2310,6130,46
2311,671,25
2312,9993,31
2313,5857,48
2314,17451,48
2315,3434,25
2316,10016,25
2317,19736,16
2318,15720,31
2319,12990,25
2320,19734,16
2321,16636,32
2322,4282,19
2323,14512,25
2324,5858,48
2325,6832,25
2326,12151,48
2327,7328,19
2328,6510,16
2329,16994,7
2330,10835,3
2331,19735,16
2332,3434,25
2333,19735,16
2334,7682,32
2335,12155,48
2336,13240,13
2337,19734,16
2338,7328,19
2339,16641,32
2340,12990,25
2341,12020,13
2342,19734,16
2343,19735,16
2344,5862,16
2345,362,16
2346,362,16
2347,7682,32
2348,12159,48
2349,352,25
2350,19633,25
2351,340,32
2352,6510,16
2353,19734,16
2354,356,16
2355,15928,16
2356,18409,16
2357,5858,48
2358,18414,16
2359,19735,16
2360,12163,48
2361,18409,16
2362,18409,16
2363,7621,32
2364,9229,48
2365,19040,32
2366,19126,32
2367,19370,4
2368,18685,4
2369,12792,32
2370,18681,4
2371,7657,32
2372,17021,7
2373,13999,32
2374,19040,32
2375,7659,32
2376,15955,5
2377,15955,7
2378,18735,32
2379,17803,4
2380,18685,4
2381,18751,32
2382,19338,4
2383,19338,32
2384,7660,32
2385,13999,32
2386,19040,32
2387,14016,25
2388,23090,30
2389,620,25
2390,3184,48
2391,3295,25
2392,3217,25
2393,619,25
2394,2648,46
2395,3612,13
2396,9178,48
2397,459,25
2398,21486,25
2399,21802,46
2400,560,30
2401,2359,25
2402,21485,25
2403,21270,25
2404,21270,48
2405,21486,25
2406,10333,31
2407,10333,48
2408,3611,13
2409,3184,48
2410,3612,13
2411,2648,46
2412,3611,13
2413,620,25
2414,619,25
2415,9178,48
2416,459,25
2417,3295,25
2418,21486,25
2419,3217,25
2420,10333,31
2421,10333,48
2422,21802,46
2423,560,30
2424,8254,48
2425,2359,25
2426,21485,25
2427,21402,31
2428,21270,25
2429,21270,48
2430,9215,48
2431,6437,30
2432,12541,48
2433,592,25
2434,12160,48
2435,21286,25
2436,9694,25
2437,588,25
2438,3209,25
2439,21286,25
2440,588,25
2441,12165,48
2442,3209,25
2443,21286,25
2444,9414,25
2445,592,25
2446,3209,25
2447,9414,25
2448,3209,25
2449,21286,25
2450,3209,25
2451,592,25
2452,12160,48
2453,588,25
2454,21286,25
2455,9694,25
2456,9414,25
2457,12165,48
2458,3802,31
2459,3555,48
2460,9409,48
2461,451,25
2462,22033,48
2463,21274,48
2464,9577,31
2465,2535,48
2466,3806,31
2467,20450,31
2468,721,48
2469,21260,48
2470,3177,46
2471,3177,48
2472,9410,48
2473,20908,48
2474,2344,25
2475,9492,23
2476,21765,48
2477,3554,48
2478,433,25
2479,2648,46
2480,12630,31
2481,9411,31
2482,9411,48
2483,12579,48
2484,658,25
2485,3186,48
2486,3554,48
2487,580,46
2488,580,48
2489,2490,31
2490,2527,25
2491,21265,46
2492,21265,48
2493,21301,16
2494,8477,16
2495,23565,48
2496,23565,48
2497,17781,16
2498,21301,16
2499,8477,16
2500,21301,16
2501,8577,48
2502,618,48
2503,8577,48
2504,618,48
2505,645,48
2506,12586,9
2507,12586,9
2508,14498,11
2509,19625,13
2510,13239,13
2511,7635,32
2512,18423,16
2513,18423,16
2514,10588,31
2515,10588,31
2516,9719,25
2517,16282,48
2518,18203,7
2519,16632,32
2520,7646,32
2521,16687,3
2522,7806,48
2523,19041,32
2524,715,45
2525,23281,30
2526,16640,32
2527,7832,31
2528,6615,14
2529,12024,32
2530,19053,48
2531,22699,13
2532,7657,32
2533,16640,32
2534,11870,25
2535,16640,32
2536,22699,13
2537,12086,4
2538,12086,16
2539,18307,46
2540,16669,16
2541,16640,32
2542,305,25
2543,19041,32
2544,16669,16
2545,16669,16
2546,18422,16
2547,16640,32
2548,23041,16
2549,23041,32
2550,16695,31
2551,16633,32
2552,20483,31
2553,13239,13
2554,20485,31
2555,280,31
2556,20464,31
2557,20464,31
2558,20483,31
2559,20485,31
2560,20470,31
2561,13239,13
2562,2289,31
2563,9437,16
2564,280,31
2565,17941,16
2566,16733,16
2567,18819,31
2568,20457,31
2569,20457,31
2570,17941,16
2571,16733,16
2572,18819,31
2573,20457,31
2574,20480,31
2575,12370,16
2576,10526,23
2577,10526,24
2578,10526,23
2579,10526,24
2580,14182,48
2581,9323,7
2582,9209,48
2583,18366,30
2584,15102,31
2585,15103,31
2586,6099,2
2587,18179,1
2588,17557,1
2589,16428,1
2590,17557,1
2591,11746,16
2592,11746,16
2593,16852,40
2594,12428,31
2595,16852,40
2596,16852,40
2597,12428,31
2598,16852,40
2599,6127,46
2600,7808,25
2601,16769,31
2602,16800,48
2603,567,31
2604,17487,31
2605,6860,25
2606,21344,48
2607,12313,14
2608,15172,46
2609,19596,48
2610,10571,46
2611,3313,25
2612,10594,31
2613,10594,48
2614,726,25
2615,18969,16
2616,16700,48
2617,13216,46
2618,14737,48
2619,11472,16
2620,7803,46
2621,1699,48
2622,3130,25
2623,5485,25
2624,591,25
2625,16677,48
2626,19596,48
2627,9702,25
2628,16994,7
2629,275,48
2630,726,25
2631,11755,48
2632,3602,25
2633,3303,48
2634,11472,16
2635,16020,46
2636,10226,46
2637,9048,48
2638,6249,46
2639,10325,47
2640,20281,48
2641,6190,7
2642,6190,46
2643,20489,31
2644,16994,7
2645,2731,46
2646,21345,48
2647,8263,48
2648,726,25
2649,566,31
2650,9691,25
2651,16994,7
2652,3602,25
2653,15908,25
2654,14591,3
2655,17227,13
2656,7808,25
2657,20455,31
2658,544,16
2659,8121,48
2660,15474,48
2661,10225,48
2662,14704,16
2663,8311,48
2664,8157,25
2665,16746,31
2666,21320,48
2667,8233,31
2668,8233,48
2669,14705,16
2670,15908,25
2671,16740,31
2672,5485,25
2673,10314,31
2674,16815,25
2675,15474,48
2676,8974,31
2677,8395,16
2678,544,16
2679,20476,31
2680,4160,46
2681,15908,25
2682,9233,48
2683,9202,48
2684,3303,48
2685,3128,48
2686,9189,46
2687,9189,48
2688,3504,48
2689,5745,46
2690,10270,48
2691,13212,25
2692,4010,31
2693,16636,32
2694,16979,16
2695,12600,30
2696,7339,19
2697,7621,32
2698,6192,46
2699,19040,32
2700,12782,32
2701,18678,4
2702,18678,32
2703,12781,32
2704,7627,32
2705,7674,32
2706,6151,46
2707,7674,32
2708,6184,46
2709,19040,32
2710,6188,32
2711,6188,46
2712,12683,46
2713,12683,48
2714,7674,32
2715,10766,32
2716,18678,4
2717,18678,32
2718,6184,46
2719,7621,32
2720,6188,32
2721,6188,46
2722,13627,32
2723,6175,46
2724,4282,19
2725,7674,32
2726,12782,32
2727,6192,46
2728,12781,32
2729,6151,46
2730,7674,32
2731,7627,32
2732,19040,32
2733,12683,46
2734,12683,48
2735,10766,32
2736,20631,47
2737,15929,16
2738,9096,16
2739,20631,47
2740,9096,16
2741,8472,16
2742,9096,16
2743,12414,23
2744,9101,16
2745,9103,16
2746,9100,16
2747,10461,16
2748,14165,16
2749,9099,16
2750,9096,16
2751,9674,25
2752,9097,16
2753,9096,16
2754,8491,16
2755,9673,25
2756,9096,16
2757,9096,16
2758,17358,16
2759,9102,16
2760,9098,16
2761,20456,31
2762,20456,31
2763,20456,31
2764,2937,31
2765,12313,14
2766,21797,31
2767,2937,31
2768,21797,31
2769,6962,25
2770,12313,14
2771,13788,46
2772,19515,32
2773,13788,46
2774,6248,46
2775,58,25
2776,15208,48
2777,6785,32
2778,18923,30
2779,868,30
2780,4085,30
2781,13802,30
2782,16070,30
2783,16303,30
2784,3664,30
2785,16256,30
2786,16070,30
2787,2498,25
2788,3664,30
2789,18917,48
2790,18857,30
2791,6248,46
2792,18857,30
2793,19515,32
2794,4085,30
2795,18923,30
2796,16070,30
2797,868,30
2798,6801,48
2799,13788,46
2800,16303,30
2801,16256,30
2802,15208,48
2803,13788,46
2804,21576,30
2805,14386,25
2806,2498,25
2807,6785,32
2808,58,25
2809,13802,30
2810,4084,30
2811,3664,30
2812,18923,30
2813,3382,16
2814,18917,48
2815,6243,25
2816,6961,25
2817,3382,16
2818,6961,25
2819,16238,16
2820,18918,16
2821,2649,46
2822,21195,46
2823,2648,46
2824,405,46
2825,17228,13
2826,7309,25
2827,14832,48
2828,16994,7
2829,11658,7
2830,13598,32
2831,18681,4
2832,13707,4
2833,16801,4
2834,17714,4
2835,17714,32
2836,13598,32
2837,7621,32
2838,17258,4
2839,1071,32
2840,7878,48
2841,11658,7
2842,16994,7
2843,11658,7
2844,16801,4
2845,13598,32
2846,18681,4
2847,17257,4
2848,7631,32
2849,7629,32
2850,17714,4
2851,17714,32
2852,7629,32
2853,20139,4
2854,7631,32
2855,9238,48
2856,9238,48
2857,9238,48
2858,9238,48
2859,2543,25
2860,6151,46
2861,7777,31
2862,9717,25
2863,10553,48
2864,16432,46
2865,16432,48
2866,20449,31
2867,9685,25
2868,11748,46
2869,11748,48
2870,20449,31
2871,7777,31
2872,6167,46
2873,20449,31
2874,7777,31
2875,16818,25
2876,9716,25
2877,20456,31
2878,6126,46
2879,6126,48
2880,7775,16
2881,11658,7
2882,16994,7
2883,16994,7
2884,11658,7
2885,20626,47
2886,5920,32
2887,6056,47
2888,6767,32
2889,7648,32
2890,5928,16
2891,18416,16
2892,7648,32
2893,7503,23
2894,7648,32
2895,18526,16
2896,7657,32
2897,7592,16
2898,18528,44
2899,5928,16
2900,18526,16
2901,20245,19
2902,6762,16
2903,7592,16
2904,20626,47
2905,7648,32
2906,5928,16
2907,11658,7
2908,11658,7
2909,7503,23
2910,18526,16
2911,20245,19
2912,5920,32
2913,6056,47
2914,16994,7
2915,18416,16
2916,6762,16
2917,6767,32
2918,16503,32
2919,14703,16
2920,11658,7
2921,11658,7
2922,7657,32
2923,14139,16
2924,7332,19
2925,7648,32
2926,20251,32
2927,7648,32
2928,18528,44
2929,7592,16
2930,16994,7
2931,11658,7
2932,5028,25
2933,856,31
2934,860,31
2935,854,31
2936,13759,46
2937,4066,31
2938,5028,25
2939,10551,31
2940,856,31
2941,860,31
2942,854,31
2943,13759,46
2944,6167,46
2945,12119,14
2946,17758,25
2947,8125,46
2948,7529,46
2949,12510,16
2950,3526,16
2951,18423,16
2952,12510,16
2953,12510,16
2954,7499,46
2955,8125,46
2956,8671,16
2957,12513,16
2958,17033,23
2959,12510,16
2960,16614,23
2961,19401,46
2962,20572,47
2963,20572,48
2964,12511,16
2965,17151,16
2966,12514,16
2967,8667,16
2968,13227,13
2969,15088,48
2970,19250,48
2971,15089,48
2972,15095,31
2973,17439,31
2974,15087,31
2975,15087,48
2976,18085,48
2977,3731,25
2978,5757,25
2979,8207,46
2980,3093,25
2981,8703,25
2982,5758,25
2983,3270,31
2984,8555,25
2985,2946,48
2986,8300,25
2987,9359,46
2988,8075,25
2989,2833,31
2990,9430,25
2991,9516,25
2992,11281,48
2993,7321,19
2994,15895,25
2995,12162,48
2996,9693,25
2997,9715,25
2998,11658,7
2999,11281,48
3000,16634,32
3001,20563,48
3002,14772,9
3003,7628,32
3004,11658,7
3005,7621,32
3006,15899,25
3007,9693,25
3008,9715,25
3009,16995,7
3010,15485,46
3011,11658,7
3012,16994,7
3013,16998,7
3014,3257,11
3015,11711,7
3016,11711,48
3017,13722,16
3018,17151,16
3019,15896,25
3020,13658,25
3021,14809,31
3022,11658,7
3023,14967,48
3024,11681,7
3025,6521,16
3026,13239,13
3027,15898,25
3028,13252,13
3029,14000,32
3030,9693,25
3031,13724,16
3032,7335,19
3033,23579,48
3034,22700,13
3035,11658,7
3036,16994,7
3037,11636,4
3038,13725,16
3039,14773,9
3040,13231,13
3041,17884,48
3042,9703,25
3043,12504,16
3044,10122,7
3045,9693,25
3046,12002,7
3047,12208,23
3048,20023,16
3049,16635,32
3050,11658,7
3051,7657,32
3052,11681,7
3053,11684,3
3054,11684,7
3055,11681,7
3056,7649,32
3057,6920,25
3058,13726,16
3059,16995,7
3060,7340,19
3061,14108,7
3062,11636,4
3063,13725,16
3064,7321,19
3065,16634,32
3066,12002,7
3067,11668,7
3068,18113,48
3069,17151,16
3070,15896,25
3071,11642,7
3072,11658,7
3073,11681,7
3074,15898,25
3075,15899,25
3076,1103,7
3077,11693,7
3078,9720,25
3079,13252,13
3080,11658,7
3081,7657,32
3082,17005,7
3083,9715,25
3084,7649,32
3085,13726,16
3086,11658,7
3087,11658,7
3088,16994,7
3089,16994,7
3090,16998,7
3091,3257,11
3092,13231,13
3093,11711,7
3094,11711,48
3095,14772,9
3096,12002,7
3097,7331,19
3098,9703,25
3099,13239,13
3100,17884,48
3101,13723,16
3102,11644,7
3103,12112,48
3104,11681,7
3105,13248,13
3106,10122,7
3107,11658,7
3108,11681,7
3109,16636,32
3110,23579,48
3111,11195,48
3112,7649,32
3113,15485,46
3114,11281,48
3115,11647,7
3116,13722,16
3117,1103,7
3118,15897,25
3119,15895,25
3120,13722,16
3121,16635,32
3122,14809,31
3123,10122,7
3124,12162,48
3125,11683,7
3126,15898,25
3127,16635,32
3128,9693,25
3129,11684,3
3130,11684,7
3131,11685,3
3132,11685,7
3133,1092,7
3134,17000,7
3135,13244,13
3136,12208,23
3137,14773,9
3138,17884,48
3139,20563,48
3140,11684,3
3141,11684,7
3142,15486,46
3143,9703,25
3144,22780,25
3145,7628,32
3146,12504,16
3147,13658,25
3148,13239,13
3149,14967,48
3150,7621,32
3151,9693,25
3152,13248,13
3153,6521,16
3154,13706,4
3155,12208,23
3156,20023,16
3157,18084,7
3158,14000,32
3159,16639,32
3160,10122,7
3161,11681,7
3162,13724,16
3163,11681,7
3164,7335,19
3165,22700,13
3166,6920,25
3167,7649,32
3168,10583,31
3169,14584,25
3170,14584,25
3171,10984,31
3172,10983,31
3173,9225,48
3174,14584,25
3175,7718,46
3176,12581,48
3177,14581,25
3178,7649,32
3179,12582,48
3180,9225,48
3181,10984,31
3182,10583,31
3183,10983,31
3184,6604,45
3185,14765,31
3186,6605,25
3187,17718,4
3188,19339,4
3189,20466,31
3190,22102,31
3191,16233,31
3192,21399,31
3193,16232,31
3194,16295,31
3195,20466,31
3196,8744,31
3197,20478,31
3198,21400,31
3199,16299,31
3200,16235,31
3201,3119,31
3202,16234,31
3203,20466,31
3204,3365,31
3205,12631,31
3206,20478,31
3207,22681,31
3208,16299,31
3209,15163,31
3210,16235,31
3211,20466,31
3212,16299,31
3213,16300,31
3214,22102,31
3215,3119,31
3216,16295,31
3217,16300,31
3218,3365,31
3219,16297,31
3220,16296,31
3221,21400,31
3222,16299,31
3223,15163,31
3224,3365,31
3225,22102,31
3226,12631,31
3227,22103,31
3228,16299,31
3229,20466,31
3230,16300,31
3231,8744,31
3232,16296,31
3233,8022,31
3234,20478,31
3235,3119,31
3236,16234,31
3237,16298,31
3238,21400,31
3239,16233,31
3240,15163,31
3241,16232,31
3242,16295,31
3243,16297,31
3244,22681,31
3245,21399,31
3246,16235,31
3247,20467,31
3248,7625,32
3249,6450,46
3250,6155,46
3251,20468,31
3252,19043,32
3253,12153,48
3254,18967,46
3255,7675,32
3256,12735,31
3257,18676,4
3258,6448,46
3259,6155,46
3260,20468,31
3261,7631,32
3262,6187,46
3263,15488,25
3264,15435,25
3265,9681,25
3266,18683,4
3267,9697,25
3268,20035,31
3269,18676,4
3270,18739,32
3271,20468,31
3272,17886,48
3273,7254,16
3274,7253,16
3275,18684,4
3276,18684,32
3277,7641,32
3278,9822,46
3279,20035,31
3280,6450,46
3281,18967,46
3282,8919,46
3283,6448,46
3284,18676,4
3285,18739,32
3286,6155,46
3287,20468,31
3288,7631,32
3289,17886,48
3290,6187,46
3291,7254,16
3292,7625,32
3293,12735,31
3294,7253,16
3295,18684,4
3296,18684,32
3297,19043,32
3298,12153,48
3299,20467,31
3300,7641,32
3301,9822,46
3302,15488,25
3303,15435,25
3304,9681,25
3305,7675,32
3306,18683,4
3307,9697,25
3308,10021,40
3309,7649,32
3310,10023,40
3311,9141,32
3312,9232,48
3313,9227,48
3314,7649,32
3315,9226,48
3316,10023,40
3317,13230,13
3318,9143,32
3319,9227,48
3320,7650,32
3321,4512,31
3322,7649,32
3323,7621,32
3324,18162,48
3325,13239,13
3326,3613,13
3327,7650,32
3328,9226,48
3329,7656,32
3330,7649,32
3331,7657,32
3332,10024,40
3333,9141,32
3334,7650,32
3335,9142,32
3336,7649,32
3337,12210,23
3338,12210,23
3339,17873,31
3340,3615,13
3341,3613,13
3342,9142,32
3343,7649,32
3344,1071,32
3345,4513,31
3346,17873,31
3347,3615,13
3348,3613,13
3349,20483,31
3350,7650,32
3351,17887,47
3352,17887,48
3353,9265,32
3354,16632,32
3355,9276,32
3356,17001,7
3357,17006,7
3358,18428,16
3359,17608,7
3360,19136,7
3361,19136,7
3362,18428,16
3363,18423,16
3364,18423,16
3365,16994,7
3366,20470,31
3367,13239,13
3368,20472,31
3369,20470,31
3370,635,46
3371,1175,32
3372,588,25
3373,22868,32
3374,3334,46
3375,746,48
3376,662,47
3377,588,25
3378,636,46
3379,782,46
3380,634,46
3381,635,46
3382,3694,48
3383,3698,48
3384,662,47
3385,636,46
3386,9767,25
3387,3333,46
3388,3694,48
3389,588,25
3390,3814,25
3391,783,25
3392,779,48
3393,3694,48
3394,746,48
3395,1788,25
3396,1788,48
3397,16275,48
3398,18924,48
3399,787,48
3400,3808,30
3401,2389,25
3402,520,25
3403,746,48
3404,662,47
3405,588,25
3406,3808,30
3407,783,25
3408,9726,25
3409,10710,16
3410,3698,48
3411,3700,48
3412,9755,46
3413,9767,25
3414,782,46
3415,3814,25
3416,3813,25
3417,634,46
3418,2389,25
3419,635,46
3420,3694,48
3421,3334,46
3422,1175,32
3423,1572,25
3424,787,48
3425,16261,48
3426,636,46
3427,22868,32
3428,779,48
3429,3333,46
3430,1345,32
3431,787,48
3432,1788,25
3433,1788,48
3434,16275,48
3435,18924,48
3436,3334,46
3437,14121,25
3438,18993,32
3439,11084,48
3440,16502,32
3441,18990,19
3442,16512,7
3443,16741,14
3444,16502,32
3445,16515,16
3446,18636,9
3447,7621,32
3448,7638,32
3449,7621,32
3450,13228,13
3451,7638,32
3452,7673,32
3453,7673,32
3454,285,30
3455,11028,48
3456,11028,48
3457,11028,48
3458,9224,48
3459,20449,31
3460,20449,31
3461,15158,31
3462,15158,31
3463,20449,31
3464,20449,31
3465,20486,31
3466,6903,16
3467,20475,31
3468,6908,16
3469,6901,16
3470,17225,13
3471,14407,16
3472,14407,31
3473,6904,16
3474,20486,31
3475,6899,16
3476,13239,13
3477,6908,16
3478,20286,25
3479,6904,16
3480,20486,31
3481,6902,16
3482,6907,16
3483,17874,31
3484,6904,16
3485,6905,16
3486,6906,16
3487,13251,13
3488,6909,16
3489,17225,13
3490,6900,16
3491,6898,16
3492,20449,31
3493,12580,31
3494,12580,48
3495,17225,13
3496,6904,16
3497,20449,31
3498,6899,16
3499,6905,16
3500,13251,13
3501,6909,16
3502,6898,16
3503,17874,31
3504,281,31
3505,20486,31
3506,6902,16
3507,6908,16
3508,6906,16
3509,6901,16
3510,14407,16
3511,14407,31
3512,6900,16
3513,20475,31
3514,20286,25
3515,6907,16
3516,6903,16
3517,12580,31
3518,12580,48
3519,13239,13
3520,17225,13
3521,20997,1
3522,4895,13
3523,10615,31
3524,13239,13
3525,23276,4
3526,11658,7
3527,6102,1
3528,11766,7
3529,8278,25
3530,13598,32
3531,11658,7
3532,16429,1
3533,7321,19
3534,6103,1
3535,11717,5
3536,11717,7
3537,13239,13
3538,7652,32
3539,8278,25
3540,7321,19
3541,4876,25
3542,5326,25
3543,15158,31
3544,15158,31
3545,19378,31
3546,19378,31
3547,20465,31
3548,19378,31
3549,20465,31
3550,20477,31
3551,20477,31
3552,20477,31
3553,18417,16
3554,11454,32
3555,11453,32
3556,6156,46
3557,10837,19
3558,1037,46
3559,18967,46
3560,1037,46
3561,16941,48
3562,18422,16
3563,18676,4
3564,6449,46
3565,6155,46
3566,18417,16
3567,6178,46
3568,7253,16
3569,1166,46
3570,20371,48
3571,11454,32
3572,18879,46
3573,7631,32
3574,127,48
3575,15436,25
3576,10837,19
3577,6191,46
3578,18429,16
3579,16341,46
3580,18419,16
3581,18417,16
3582,18429,16
3583,18418,16
3584,18402,46
3585,7251,19
3586,18402,46
3587,14005,32
3588,18683,4
3589,18331,16
3590,18331,48
3591,6436,30
3592,13257,13
3593,7657,32
3594,6408,30
3595,20571,47
3596,20571,48
3597,20580,14
3598,13239,13
3599,20459,31
3600,20581,14
3601,13805,30
3602,7657,32
3603,9218,48
3604,13257,13
3605,12210,23
3606,14343,16
3607,10305,31
3608,20568,48
3609,20580,14
3610,20459,31
3611,7657,32
3612,3046,7
3613,3046,50
3614,3046,7
3615,3046,50
3616,2803,48
3617,4350,25
3618,8078,46
3619,8083,46
3620,8083,46
3621,8080,46
3622,4503,31
3623,4503,48
3624,2799,48
3625,4350,25
3626,9296,48
3627,10182,7
3628,8083,46
3629,2840,31
3630,3046,7
3631,3046,50
3632,2803,48
3633,4481,4
3634,8080,46
3635,8215,31
3636,8215,48
3637,3046,7
3638,3046,50
3639,8078,46
3640,2816,25
3641,2816,48
3642,2688,46
3643,9313,48
3644,3051,32
3645,3059,4
3646,3066,47
3647,4434,48
3648,9382,31
3649,2819,25
3650,4432,7
3651,2728,46
3652,3051,32
3653,3045,7
3654,8280,25
3655,8280,48
3656,4432,7
3657,3086,7
3658,2775,32
3659,2918,7
3660,2817,25
3661,8735,31
3662,9385,25
3663,3051,32
3664,4391,25
3665,4483,32
3666,2939,7
3667,8433,30
3668,3048,7
3669,9386,25
3670,3091,25
3671,3045,7
3672,2718,25
3673,4362,48
3674,4446,32
3675,2727,46
3676,3045,7
3677,2817,25
3678,3126,14
3679,4439,13
3680,4432,7
3681,2851,14
3682,4391,25
3683,4438,13
3684,8193,19
3685,2903,7
3686,4432,7
3687,11285,14
3688,2952,13
3689,2730,46
3690,3126,14
3691,4440,13
3692,4506,48
3693,2951,13
3694,2959,32
3695,8280,25
3696,8280,48
3697,8538,48
3698,8312,48
3699,2748,14
3700,2775,32
3701,8052,31
3702,4401,7
3703,4401,32
3704,4483,32
3705,2917,7
3706,2818,25
3707,4405,7
3708,4378,48
3709,2919,7
3710,2764,19
3711,3045,7
3712,2920,7
3713,2718,25
3714,4446,32
3715,3045,7
3716,2932,48
3717,4391,25
3718,4440,13
3719,9019,3
3720,2732,46
3721,2765,19
3722,8424,48
3723,3047,7
3724,4405,7
3725,8999,48
3726,4392,25
3727,4392,46
3728,9020,3
3729,8433,30
3730,4487,11
3731,4367,46
3732,3045,7
3733,3064,7
3734,8193,19
3735,2718,25
3736,2916,7
3737,2817,25
3738,2796,48
3739,8193,19
3740,9407,46
3741,9407,48
3742,8753,48
3743,2797,48
3744,8260,48
3745,2801,48
3746,8704,25
3747,8279,25
3748,8261,48
3749,9490,25
3750,2798,48
3751,8113,48
3752,2829,25
3753,3089,48
3754,8126,48
3755,8423,25
3756,8268,48
3757,9225,48
3758,703,25
3759,9564,25
3760,9407,46
3761,9407,48
3762,2800,48
3763,11658,7
3764,8259,48
3765,8262,48
3766,9228,48
3767,2797,48
3768,2728,46
3769,9406,46
3770,9406,48
3771,8251,46
3772,8251,48
3773,8236,48
3774,2799,48
3775,15672,31
3776,2689,48
3777,11140,48
3778,703,25
3779,8272,48
3780,8280,25
3781,8280,48
3782,3023,31
3783,9472,48
3784,8126,48
3785,9473,48
3786,8122,46
3787,8377,48
3788,10271,25
3789,10271,48
3790,2804,31
3791,2804,48
3792,8236,48
3793,3091,25
3794,2729,46
3795,2670,48
3796,2689,48
3797,703,25
3798,9564,25
3799,9208,25
3800,9208,31
3801,9208,48
3802,2807,48
3803,8231,31
3804,2945,48
3805,2931,25
3806,8257,48
3807,8998,31
3808,8176,31
3809,8056,31
3810,2930,25
3811,8127,48
3812,2945,48
3813,8447,48
3814,2802,48
3815,8734,31
3816,8267,48
3817,9024,31
3818,8703,25
3819,2984,48
3820,8056,31
3821,8123,46
3822,8267,48
3823,8258,48
3824,6098,2
3825,11644,7
3826,7624,32
3827,16994,7
3828,7710,32
3829,14971,25
3830,16994,7
3831,16994,7
3832,7649,32
3833,6148,46
3834,11658,7
3835,11658,7
3836,1118,48
3837,16994,7
3838,11658,7
3839,11672,7
3840,11644,7
3841,1092,7
3842,9693,25
3843,1027,46
3844,11671,7
3845,1038,46
3846,14991,23
3847,20089,46
3848,13260,13
3849,1092,7
3850,8499,16
3851,8499,46
3852,1092,7
3853,1038,46
3854,18237,46
3855,1092,7
3856,14428,31
3857,7622,32
3858,7637,32
3859,1095,7
3860,1095,46
3861,1092,7
3862,9693,25
3863,13239,13
3864,13239,13
3865,7676,32
3866,13239,13
3867,1092,7
3868,1034,46
3869,15846,4
3870,15027,30
3871,20089,46
3872,1094,7
3873,7318,19
3874,7318,32
3875,7314,19
3876,20088,46
3877,1092,7
3878,1092,7
3879,7318,19
3880,7318,32
3881,1092,7
3882,20089,46
3883,7314,19
3884,7621,32
3885,13239,13
3886,7318,19
3887,7318,32
3888,1034,46
3889,1092,7
3890,1093,7
3891,228,7
3892,1095,7
3893,1095,46
3894,20623,47
3895,1092,7
3896,6148,46
3897,7314,19
3898,7338,19
3899,20089,46
3900,7320,19
3901,7318,19
3902,7318,32
3903,1094,7
3904,1032,46
3905,7337,19
3906,20624,47
3907,10445,16
3908,1035,46
3909,1092,7
3910,18299,48
3911,1092,7
3912,7314,19
3913,1030,46
3914,1034,46
3915,6080,46
3916,7338,19
3917,7338,19
3918,13239,13
3919,1034,46
3920,13239,13
3921,20623,47
3922,20625,47
3923,9113,16
3924,1038,46
3925,18417,16
3926,15026,30
3927,19786,32
3928,7314,19
3929,18423,16
3930,1034,46
3931,7338,19
3932,13304,4
3933,20633,47
3934,14237,14
3935,1038,46
3936,18423,16
3937,20089,46
3938,7314,19
3939,18423,16
3940,18423,16
3941,18422,16
3942,7622,32
3943,7314,19
3944,10534,14
3945,18423,16
3946,7317,19
3947,1030,46
3948,7314,19
3949,20089,46
3950,18406,47
3951,21275,48
3952,13239,13
3953,13239,13
3954,18815,48
3955,20469,31
3956,20469,31
3957,20457,31
3958,20469,31
3959,10308,13
3960,20469,31
3961,20449,31
3962,15223,7
3963,20469,31
3964,10559,12
3965,10559,31
3966,20469,31
3967,20449,31
3968,20469,31
3969,13239,13
3970,8478,31
3971,20452,31
3972,8476,25
3973,8476,31
3974,8478,31
3975,20452,31
3976,8476,25
3977,8476,31
3978,13809,30
3979,13808,30
3980,6162,46
3981,1306,46
3982,6157,46
3983,6709,46
3984,12813,48
3985,6163,46
3986,6161,46
3987,6182,46
3988,6165,46
3989,6158,46
3990,6193,46
3991,6164,46
3992,6181,46
3993,6710,46
3994,6160,46
3995,20912,25
3996,6196,46
3997,6204,46
3998,7642,32
3999,6163,46
4000,7642,32
4001,7642,32
4002,6203,46
4003,1305,7
4004,6161,46
4005,6183,46
4006,6205,46
4007,6147,46
4008,6204,46
4009,6201,46
4010,6202,46
4011,6162,46
4012,6169,46
4013,6209,46
4014,6196,46
4015,6163,46
4016,6149,46
4017,6202,46
4018,6166,46
4019,6201,46
4020,6163,46
4021,6159,46
4022,6142,46
4023,6208,46
4024,6202,46
4025,6206,46
4026,6201,46
4027,6206,46
4028,6162,46
4029,6166,46
4030,7644,32
4031,6202,46
4032,6169,46
4033,6182,46
4034,6143,46
4035,6143,46
4036,6144,46
4037,6147,46
4038,6136,46
4039,6139,46
4040,6141,46
4041,7643,32
4042,6146,46
4043,6170,46
4044,20523,25
4045,157,25
4046,6146,46
4047,6169,46
4048,6162,46
4049,6202,46
4050,6139,46
4051,6204,46
4052,6163,46
4053,6199,46
4054,6140,46
4055,6207,46
4056,6200,46
4057,6176,46
4058,6173,46
4059,6145,46
4060,7643,32
4061,9707,25
4062,6143,46
4063,6147,46
4064,6162,46
4065,18080,46
4066,18080,48
4067,6201,46
4068,6197,46
4069,6197,46
4070,6181,46
4071,6198,46
4072,6139,46
4073,6209,46
4074,9104,16
4075,6157,46
4076,6203,46
4077,6207,46
4078,18274,7
4079,12813,48
4080,8908,46
4081,6144,46
4082,6193,46
4083,10129,31
4084,6147,46
4085,6164,46
4086,18278,7
4087,6139,46
4088,7644,32
4089,18080,46
4090,18080,48
4091,6201,46
4092,14928,46
4093,7643,32
4094,6170,46
4095,6146,46
4096,6198,46
4097,6139,46
4098,9111,16
4099,6162,46
4100,6204,46
4101,1423,46
4102,6202,46
4103,6166,46
4104,6201,46
4105,6161,46
4106,6182,46
4107,7641,32
4108,7643,32
4109,9096,16
4110,6206,46
4111,20522,25
4112,9707,25
4113,6201,46
4114,7620,32
4115,6206,46
4116,18274,7
4117,6181,46
4118,6162,46
4119,16542,48
4120,6165,46
4121,9091,16
4122,20912,25
4123,18279,7
4124,7657,32
4125,6169,46
4126,9820,16
4127,6202,46
4128,6139,46
4129,7642,32
4130,9096,16
4131,6163,46
4132,6199,46
4133,7642,32
4134,1305,7
4135,6709,46
4136,6161,46
4137,6159,46
4138,6142,46
4139,6208,46
4140,6165,46
4141,18485,7
4142,6686,48
4143,6158,46
4144,6143,46
4145,6135,46
4146,6136,46
4147,6204,46
4148,9096,16
4149,6141,46
4150,6197,46
4151,20523,25
4152,6202,46
4153,6162,46
4154,6160,46
4155,18403,7
4156,18279,7
4157,6197,46
4158,6161,46
4159,6181,46
4160,9109,16
4161,1306,46
4162,6196,46
4163,18279,7
4164,6149,46
4165,7642,32
4166,6140,46
4167,6143,46
4168,6200,46
4169,6176,46
4170,6163,46
4171,6173,46
4172,6145,46
4173,6183,46
4174,6161,46
4175,6202,46
4176,6205,46
4177,6710,46
4178,6166,46
4179,8517,16
4180,6146,46
4181,157,25
4182,6182,46
4183,20449,31
4184,23091,30
4185,23090,30
4186,15164,31
4187,23090,30
4188,21240,31
4189,15097,23
4190,15164,31
4191,21656,30
4192,21652,30
4193,21652,30
4194,21655,30
4195,21652,30
4196,21656,30
4197,9060,31
4198,21656,30
4199,22097,31
4200,23092,30
4201,21652,30
4202,21655,30
4203,21656,30
4204,21656,30
4205,15097,23
4206,21656,30
4207,21656,30
4208,21652,30
4209,21655,30
4210,15097,23
4211,21657,30
4212,17418,31
4213,15964,25
4214,19359,25
4215,15964,25
4216,22133,31
4217,22826,25
4218,22133,31
4219,13803,30
4220,13804,30
4221,13800,30
4222,15188,25
4223,6172,25
4224,6172,46
4225,6619,48
4226,6137,46
4227,21652,30
4228,8522,30
4229,13811,30
4230,21652,30
4231,8522,30
4232,13811,30
4233,9224,48
4234,9224,48
4235,23347,13
4236,16124,48
4237,23347,13
4238,10000,31
4239,11082,48
4240,10000,31
4241,6213,46
4242,6213,46
4243,6213,46
4244,12766,46
4245,10460,46
4246,7294,46
4247,11092,48
4248,11091,48
4249,3701,48
4250,5005,48
4251,16994,7
4252,10610,31
4253,10610,31
4254,7398,16
4255,8910,46
4256,13803,30
4257,20563,48
4258,20564,48
4259,20563,48
4260,20564,48
4261,9186,48
4262,13847,19
4263,10572,48
4264,19185,13
4265,406,48
4266,17265,30
4267,14855,48
4268,15998,48
4269,17265,30
4270,21752,48
4271,17420,31
4272,18738,32
4273,18720,46
4274,8264,48
4275,20657,46
4276,9184,31
4277,9184,48
4278,9184,31
4279,9184,48
4280,16797,48
4281,10164,48
4282,6168,46
4283,16797,48
4284,16797,48
4285,6168,46
4286,10164,48
4287,23069,46
4288,6211,46
4289,10318,46
4290,6211,46
4291,23069,46
4292,10318,46
4293,20521,25
4294,20521,25
4295,9242,48
4296,9242,48
4297,7034,48
4298,7034,48
4299,13841,48
4300,13841,48
4301,7717,23
4302,6210,13
4303,6210,46
4304,13810,30
4305,22718,46
4306,14025,48
4307,22718,46
4308,855,31
4309,855,31
4310,3697,46
4311,3697,48
4312,3697,46
4313,3697,48
4314,21678,48
4315,21678,48
4316,19598,25
4317,19598,25
4318,8240,25
4319,13750,48
4320,14035,48
4321,17465,32
4322,6151,46
4323,17484,48
4324,17485,48
4325,6151,46
4326,19277,32
4327,17485,48
4328,19281,48
4329,13801,30
4330,8522,30
4331,8522,30
4332,23073,25
4333,23073,48
4334,9683,25
4335,6961,25
4336,10196,30
4337,3327,31
4338,10195,30
4339,13806,30
4340,10199,30
4341,10197,30
4342,10465,30
4343,20473,31
4344,10196,30
4345,9298,31
4346,13806,30
4347,10198,30
4348,10465,30
4349,10466,30
4350,2212,30
4351,10197,30
4352,13812,30
4353,10380,30
4354,738,16
4355,10466,30
4356,15343,48
4357,8264,48
4358,8264,48
4359,13768,48
4360,13762,48
4361,13761,48
4362,13768,48
4363,79,48
4364,79,48
4365,18068,16
4366,8257,48
4367,8667,16
4368,8257,48
4369,8667,16
4370,4586,30
4371,9692,25
4372,4908,7
4373,16632,32
4374,7174,48
4375,16630,32
4376,11947,32
4377,20021,7
4378,11766,7
4379,7663,32
4380,14707,16
4381,18433,16
4382,14706,16
4383,11703,7
4384,7657,32
4385,11658,7
4386,18277,7
4387,1612,16
4388,19493,48
4389,19494,48
4390,21654,30
4391,7904,48
4392,7174,48
4393,5235,16
4394,4799,25
4395,81,48
4396,5235,16
4397,9718,25
4398,4569,48
4399,254,48
4400,15556,48
4401,4571,48
4402,4568,48
4403,4796,25
4404,15419,48
4405,4570,48
4406,8163,19
4407,7649,32
4408,6151,46
4409,6194,46
4410,8463,46
4411,7928,25
4412,7649,32
4413,8463,46
4414,6151,46
4415,6194,46
4416,4283,19
4417,14796,46
4418,14790,46
4419,13913,48
4420,4278,19
4421,4314,19
4422,4284,19
4423,4280,19
4424,4279,19
4425,4281,19
4426,12936,13
4427,10849,16
4428,12098,16
4429,12936,13
4430,7664,32
4431,12098,16
4432,9689,25
4433,10849,16
4434,9689,25
4435,12098,16
4436,10849,16
4437,12098,16
4438,18873,19
4439,16034,19
4440,8486,13
4441,19133,7
4442,18719,19
4443,18719,46
4444,11690,7
4445,14150,19
4446,9689,25
4447,13923,19
4448,13253,13
4449,13924,7
4450,13924,46
4451,19054,19
4452,19133,7
4453,5577,4
4454,13915,46
4455,19067,19
4456,19050,19
4457,13928,46
4458,6152,46
4459,6153,46
4460,7629,32
4461,6152,46
4462,6152,46
4463,7655,32
4464,11917,46
4465,7655,32
4466,6152,46
4467,16021,46
4468,7629,32
4469,6152,46
4470,11858,46
4471,6152,46
4472,16021,46
4473,7655,32
4474,16434,46
4475,6154,46
4476,15233,25
4477,9684,25
4478,6217,46
4479,22104,25
4480,9684,25
4481,12883,48
4482,21005,46
4483,12883,48
4484,6961,25
4485,9690,25
4486,12885,48
4487,9358,46
4488,20699,46
4489,6185,46
4490,6185,46
4491,6186,46
4492,6185,46
4493,6138,46
4494,6186,46
4495,19340,4
4496,6153,46
4497,9836,16
4498,6153,46
4499,6153,46
4500,9836,16
4501,7649,32
4502,13243,13
4503,7654,32
4504,17225,13
4505,12162,48
4506,17431,25
4507,9682,25
4508,17287,9
4509,21929,48
4510,9682,25
4511,14048,48
4512,17685,48
4513,13991,9
4514,17288,31
4515,18619,48
4516,13969,16
4517,8494,48
4518,9594,48
4519,13969,16
4520,14007,23
4521,23349,32
4522,4333,19
4523,17686,48
4524,17296,48
4525,16318,19
4526,17303,31
4527,11867,48
4528,17669,9
4529,9594,48
4530,17288,31
4531,18619,48
4532,17686,48
4533,17431,25
4534,8494,48
4535,21929,48
4536,18687,9
4537,14007,23
4538,11867,48
4539,17669,9
4540,14002,32
4541,12162,48
4542,16318,19
4543,13968,48
4544,16887,9
4545,4333,19
4546,17685,48
4547,14002,32
4548,13991,9
4549,7441,9
4550,18599,9
4551,17287,9
4552,17296,48
4553,17672,32
4554,23349,32
4555,14048,48
4556,13969,16
4557,9682,25
4558,17303,31
4559,17716,4
4560,17719,4
4561,23046,25
4562,17716,4
4563,18681,4
4564,4893,16
4565,17244,4
4566,4616,16
4567,15956,4
4568,4893,16
4569,4892,16
4570,16062,48
4571,4980,13
4572,4980,16
4573,12942,16
4574,18682,4
4575,7645,32
4576,3165,25
4577,17722,4
4578,18682,4
4579,17719,4
4580,18682,4
4581,18682,4
4582,18682,4
4583,18681,4
4584,19199,4
4585,15956,4
4586,17722,4
4587,13239,13
4588,13239,13
4589,6150,46
4590,7657,32
4591,6171,31
4592,6171,46
4593,7657,32
4594,6150,46
4595,6171,31
4596,6171,46
4597,17721,4
4598,17721,32
4599,7323,19
4600,7323,19
4601,11455,32
4602,16994,7
4603,7630,32
4604,11658,7
4605,11453,32
4606,7321,19
4607,13598,32
4608,7324,19
4609,18756,48
4610,18343,16
4611,7621,32
4612,17241,32
4613,19197,32
4614,12164,48
4615,7338,19
4616,11453,32
4617,7321,19
4618,12783,14
4619,17241,32
4620,19197,32
4621,16632,32
4622,14691,48
4623,19146,32
4624,7321,19
4625,16116,7
4626,7316,19
4627,11490,16
4628,19019,19
4629,7322,19
4630,7321,19
4631,19018,19
4632,16632,32
4633,16433,46
4634,16581,19
4635,14045,48
4636,16632,32
4637,19146,32
4638,7321,19
4639,14774,9
4640,16581,19
4641,17016,19
4642,4666,16
4643,4666,32
4644,9497,48
4645,589,25
4646,21624,25
4647,9680,25
4648,9672,25
4649,23075,25
4650,23443,16
4651,1578,25
4652,23437,16
4653,23404,11
4654,2006,25
4655,21928,25
4656,1578,25
4657,21768,25
4658,1805,25
4659,1578,25
4660,4693,25
4661,4652,25
4662,4652,46
4663,22350,25
4664,8641,25
4665,5431,11
4666,21067,14
4667,22406,25
4668,17959,25
4669,8578,25
4670,14970,25
4671,5398,16
4672,5376,11
4673,1805,25
4674,2006,25
4675,23413,16
4676,5370,11
4677,22350,25
4678,1578,25
4679,8124,25
4680,8124,46
4681,23404,11
4682,5057,25
4683,22350,25
4684,5377,11
4685,21928,25
4686,5454,16
4687,21928,25
4688,21001,25
4689,21001,46
4690,23443,16
4691,17951,25
4692,21768,25
4693,20729,25
4694,1805,25
4695,21928,25
4696,1805,25
4697,23512,16
4698,1578,25
4699,5057,25
4700,22350,25
4701,22192,48
4702,4653,46
4703,21531,48
4704,22380,25
4705,17937,25
4706,5434,25
4707,22380,25
4708,23513,11
4709,21002,25
4710,21002,46
4711,2258,31
4712,1805,25
4713,2150,25
4714,859,31
4715,20729,25
4716,5057,25
4717,6134,46
4718,2006,25
4719,21768,25
4720,1805,25
4721,2006,25
4722,1578,25
4723,22214,11
4724,20742,25
4725,22350,25
4726,8641,25
4727,12627,25
4728,21067,14
4729,22380,25
4730,5433,25
4731,23404,11
4732,3208,31
4733,1936,11
4734,5057,25
4735,13342,25
4736,5057,25
4737,1664,11
4738,3207,31
4739,23447,25
4740,23447,46
4741,8807,25
4742,23150,25
4743,21084,16
4744,22236,32
4745,22380,25
4746,5424,25
4747,5424,25
4748,1578,25
4749,21080,11
4750,21928,25
4751,21928,25
4752,1805,25
4753,8642,25
4754,23476,25
4755,6744,11
4756,1578,25
4757,22193,46
4758,13415,25
4759,21768,25
4760,21928,25
4761,1805,25
4762,1936,11
4763,19691,30
4764,1578,25
4765,21928,25
4766,1917,46
4767,5057,25
4768,20686,11
4769,5402,31
4770,23509,11
4771,22380,25
4772,17961,30
4773,22380,25
4774,1642,46
4775,1578,25
4776,5424,25
4777,21768,25
4778,1805,25
4779,1578,25
4780,5057,25
4781,5470,25
4782,20742,25
4783,17425,25
4784,22350,25
4785,2006,25
4786,21768,25
4787,1805,25
4788,2006,25
4789,22406,25
4790,22444,16
4791,22597,25
4792,2102,25
4793,22350,25
4794,22380,25
4795,2010,25
4796,22350,25
4797,21067,14
4798,22291,31
4799,22291,48
4800,22406,25
4801,23476,25
4802,8812,25
4803,22304,16
4804,1805,25
4805,8807,25
4806,21768,25
4807,6754,11
4808,5424,25
4809,2005,25
4810,23382,46
4811,22350,25
4812,23494,25
4813,1916,46
4814,13415,25
4815,8862,25
4816,2104,25
4817,2104,25
4818,22241,16
4819,1974,31
4820,21768,25
4821,1805,25
4822,22406,25
4823,21997,25
4824,5370,11
4825,18004,25
4826,8822,25
4827,22313,25
4828,23494,25
4829,2104,25
4830,14970,25
4831,13389,25
4832,5424,25
4833,1805,25
4834,13323,32
4835,5057,25
4836,8812,25
4837,22406,25
4838,8868,25
4839,22597,25
4840,2006,25
4841,1805,25
4842,2006,25
4843,22597,25
4844,22350,25
4845,2006,25
4846,5470,25
4847,23476,25
4848,22438,16
4849,427,31
4850,3207,31
4851,23150,25
4852,2104,25
4853,5424,25
4854,1858,4
4855,22350,25
4856,23289,16
4857,2006,25
4858,22597,25
4859,2073,16
4860,22304,16
4861,8862,25
4862,2104,25
4863,2104,25
4864,1805,25
4865,13449,46
4866,22406,25
4867,22403,25
4868,12639,25
4869,2006,25
4870,2104,25
4871,13457,25
4872,22350,25
4873,2258,31
4874,2006,25
4875,14970,25
4876,2104,25
4877,22549,48
4878,22312,25
4879,18038,25
4880,8812,25
4881,22350,25
4882,2006,25
4883,2006,25
4884,22597,25
4885,17908,11
4886,22350,25
4887,2104,25
4888,8578,25
4889,2050,16
4890,8852,25
4891,22438,16
4892,22597,25
4893,22663,16
4894,2104,25
4895,22380,25
4896,1805,25
4897,22051,16
4898,21768,25
4899,22350,25
4900,22597,25
4901,13415,25
4902,2104,25
4903,21768,25
4904,12650,31
4905,2006,25
4906,22597,25
4907,2104,25
4908,13318,46
4909,22350,25
4910,12584,25
4911,2006,25
4912,22597,25
4913,12648,25
4914,2104,25
4915,18045,25
4916,13342,25
4917,22619,25
4918,22597,25
4919,22597,25
4920,2104,25
4921,5424,25
4922,5424,25
4923,22570,25
4924,22597,25
4925,2104,25
4926,2104,25
4927,20729,25
4928,8852,25
4929,22597,25
4930,22598,25
4931,22597,25
4932,13457,25
4933,22664,16
4934,2104,25
4935,2104,25
4936,2104,25
4937,22489,46
4938,7660,32
4939,13241,13
4940,20629,47
4941,7661,32
4942,7660,32
4943,20630,47
4944,7661,32
4945,13241,13
4946,7660,32
4947,17881,48
4948,15987,7
4949,13241,13
4950,14580,25
4951,9686,25
4952,16640,32
4953,9688,25
4954,16795,48
4955,16817,25
4956,7632,32
4957,21188,32
4958,21188,32
4959,21631,11
4960,16795,48
4961,17151,16
4962,7632,32
4963,12522,25
4964,7632,32
4965,17151,16
4966,7632,32
4967,21188,32
4968,7632,32
4969,7632,32
4970,21188,32
4971,12150,48
4972,16955,48
4973,7621,32
4974,7638,32
4975,16632,32
4976,20565,48
4977,19042,32
4978,16637,32
4979,6189,46
4980,6189,46
4981,16637,32
4982,19720,16
4983,12510,16
4984,20565,48
4985,19042,32
4986,17087,16
4987,19438,4
4988,19763,16
4989,17033,23
4990,17578,46
4991,9248,4
4992,13239,13
4993,19040,32
4994,19407,32
4995,20628,47
4996,19407,32
4997,7690,32
4998,110,25
4999,8253,48
5000,8459,25
5001,8253,48
5002,2964,30
5003,110,25
5004,2964,30
5005,8459,25
5006,8253,48
5007,19406,32
5008,13239,13
5009,9096,16
5010,16632,32
5011,19406,32
5012,16632,32
5013,13239,13
5014,9096,16
5015,10505,25
5016,15540,19
5017,5867,25
5018,17765,25
5019,16081,19
5020,16081,19
5021,16060,25
5022,8475,25
5023,8475,25
5024,8475,25
5025,20374,16
5026,16632,32
5027,13999,32
5028,16632,32
5029,12512,16
5030,8669,16
5031,17153,16
5032,13487,49
5033,8670,16
5034,8667,16
5035,17230,49
5036,17137,16
5037,12340,19
5038,8669,16
5039,17366,16
5040,17225,13
5041,16632,32
5042,17368,16
5043,16632,32
5044,13999,32
5045,16632,32
5046,8189,19
5047,12512,16
5048,13999,32
5049,8669,16
5050,13999,32
5051,17153,16
5052,16631,32
5053,17366,16
5054,21166,19
5055,16632,32
5056,17153,16
5057,16632,32
5058,8189,19
5059,8189,19
5060,8670,16
5061,8667,16
5062,23125,30
5063,14053,49
5064,13999,32
5065,8667,16
5066,17072,19
5067,8669,16
5068,13999,32
5069,8668,16
5070,17366,16
5071,7621,32
5072,540,19
5073,21722,30
5074,16632,32
5075,17368,16
5076,16632,32
5077,8190,19
5078,13999,32
5079,17153,16
5080,16632,32
5081,13999,32
5082,17163,16
5083,8670,16
5084,8191,19
5085,9239,48
5086,12342,19
5087,8667,16
5088,8669,16
5089,17151,16
5090,21969,16
5091,8190,19
5092,13999,32
5093,9211,48
5094,17073,19
5095,8191,19
5096,8667,16
5097,17163,16
5098,17230,49
5099,23270,16
5100,9224,48
5101,17072,19
5102,8669,16
5103,8667,16
5104,18423,16
5105,13999,32
5106,17073,19
5107,7621,32
5108,8192,19
5109,12343,19
5110,8667,16
5111,16632,32
5112,8725,16
5113,15158,31
5114,16632,32
5115,20745,16
5116,13999,32
5117,16632,32
5118,9221,48
5119,21168,19
5120,8670,16
5121,21967,16
5122,8191,19
5123,12342,19
5124,8667,16
5125,17151,16
5126,8137,16
5127,541,19
5128,21969,16
5129,14053,49
5130,9212,48
5131,13999,32
5132,8724,32
5133,13999,32
5134,8191,19
5135,8667,16
5136,17163,16
5137,17230,49
5138,12343,19
5139,8669,16
5140,13999,32
5141,8668,16
5142,17073,19
5143,17225,13
5144,14052,13
5145,9213,48
5146,21722,30
5147,8191,19
5148,12343,19
5149,16632,32
5150,8136,16
5151,14053,49
5152,8204,32
5153,21163,16
5154,8565,16
5155,8667,16
5156,16632,32
5157,21722,30
5158,8667,16
5159,16632,32
5160,9240,48
5161,21967,16
5162,21967,16
5163,14001,32
5164,8191,19
5165,13999,32
5166,8191,19
5167,17230,49
5168,8667,16
5169,12343,19
5170,17073,19
5171,8669,16
5172,8667,16
5173,17225,13
5174,12343,19
5175,17073,19
5176,9219,48
5177,13999,32
5178,8725,16
5179,16632,32
5180,13999,32
5181,8667,16
5182,8667,16
5183,8195,16
5184,21969,16
5185,7646,32
5186,8724,32
5187,8667,16
5188,17033,23
5189,12343,19
5190,16632,32
5191,16632,32
5192,8670,16
5193,8191,19
5194,17151,16
5195,8669,16
5196,8137,16
5197,12343,19
5198,17073,19
5199,13999,32
5200,17073,19
5201,21689,24
5202,7621,32
5203,8725,16
5204,14835,48
5205,14835,48
5206,14835,48
5207,14835,48
5208,6215,46
5209,6215,46
5210,13598,32
5211,16999,7
5212,10008,31
5213,1701,48
5214,7194,16
5215,17002,7
5216,11706,7
5217,11706,7
5218,6964,25
5219,14180,48
5220,6964,25
5221,1700,48
5222,16632,32
5223,19817,7
5224,10011,31
5225,6964,25
5226,11658,7
5227,16994,7
5228,17002,7
5229,1701,48
5230,11706,7
5231,10011,31
5232,6964,25
5233,17796,7
5234,1700,48
5235,16632,32
5236,16999,7
5237,11658,7
5238,10008,31
5239,14180,48
5240,13598,32
5241,14673,16
5242,11706,7
5243,7194,16
5244,16994,7
5245,19817,7
5246,19816,7
5247,6964,25
5248,18761,48
5249,13256,13
5250,20457,31
5251,20457,31
5252,10929,16
5253,5754,25
5254,17226,13
5255,17226,16
5256,19654,16
5257,19654,16
5258,5754,25
5259,11106,14
5260,11104,10
5261,20457,31
5262,13246,13
5263,13246,16
5264,17058,25
5265,19654,16
5266,13257,13
5267,590,25
5268,11651,7
5269,6614,14
5270,2475,48
5271,3781,48
5272,775,31
5273,6876,48
5274,7669,32
5275,7641,32
5276,7666,32
5277,3463,7
5278,11651,7
5279,3464,7
5280,7668,32
5281,9224,48
5282,11648,7
5283,21572,48
5284,9490,25
5285,11651,7
5286,6373,48
5287,11664,7
5288,11649,7
5289,22037,25
5290,21142,31
5291,7670,32
5292,3562,31
5293,11710,7
5294,11710,48
5295,7671,32
5296,20229,14
5297,2644,32
5298,7666,32
5299,7666,32
5300,582,48
5301,5588,19
5302,11651,7
5303,9223,48
5304,6910,7
5305,7666,32
5306,3210,25
5307,11705,7
5308,21503,46
5309,2644,32
5310,21574,48
5311,18107,31
5312,574,48
5313,582,48
5314,9683,25
5315,7666,32
5316,17885,48
5317,3167,48
5318,9363,46
5319,11644,7
5320,11658,7
5321,22857,19
5322,6379,7
5323,6379,31
5324,22030,31
5325,11641,7
5326,6216,46
5327,4013,32
5328,11652,7
5329,20642,48
5330,12157,48
5331,11658,7
5332,15918,16
5333,15295,48
5334,20557,48
5335,11688,5
5336,11688,7
5337,21191,32
5338,6174,46
5339,20735,25
5340,11713,7
5341,9241,31
5342,9241,48
5343,7668,32
5344,1147,25
5345,7671,32
5346,23031,48
5347,11648,7
5348,7329,19
5349,11658,7
5350,2292,31
5351,10493,7
5352,9196,7
5353,9196,48
5354,2644,32
5355,11711,7
5356,11711,48
5357,21191,32
5358,21065,31
5359,7626,32
5360,21015,46
5361,6214,46
5362,3809,48
5363,3471,7
5364,12149,48
5365,16994,7
5366,11720,5
5367,11720,7
5368,258,7
5369,11717,5
5370,11717,7
5371,20477,31
5372,11644,7
5373,7668,32
5374,2431,2
5375,16231,25
5376,20735,25
5377,6129,46
5378,18671,32
5379,2660,48
5380,2608,19
5381,13740,7
5382,11716,7
5383,7666,32
5384,3464,7
5385,6097,2
5386,20693,31
5387,21124,25
5388,14543,25
5389,9458,31
5390,11663,7
5391,2441,46
5392,2198,19
5393,2644,32
5394,11658,7
5395,9700,25
5396,21856,31
5397,10243,47
5398,15729,25
5399,9361,46
5400,3471,7
5401,2608,19
5402,7671,32
5403,11651,7
5404,18753,7
5405,11712,7
5406,11712,48
5407,2311,16
5408,775,31
5409,10122,7
5410,20719,13
5411,11650,7
5412,21967,16
5413,21187,32
5414,18281,7
5415,3469,7
5416,4082,48
5417,7666,32
5418,18415,16
5419,3463,7
5420,18415,16
5421,10928,16
5422,18410,16
5423,21967,16
5424,7670,32
5425,11644,7
5426,21967,16
5427,14263,31
5428,3760,9
5429,18409,16
5430,10928,16
5431,20454,31
5432,21492,7
5433,18409,16
5434,3953,16
5435,3953,16
5436,3506,48
5437,11089,30
5438,2609,19
5439,9408,48
5440,3953,16
5441,18422,16
5442,7666,32
5443,11689,7
5444,14580,25
5445,18409,16
5446,6914,7
5447,21967,16
5448,7666,32
5449,3663,30
5450,21495,7
5451,18409,16
5452,2644,32
5453,3210,25
5454,2644,32
5455,18675,4
5456,18409,16
5457,3953,16
5458,2249,16
5459,18409,16
5460,21967,16
5461,582,48
5462,12002,7
5463,7666,32
5464,21274,48
5465,11697,7
5466,1331,7
5467,9609,48
5468,7666,32
5469,20929,25
5470,3953,16
5471,12162,48
5472,11656,7
5473,3953,16
5474,6380,7
5475,6380,31
5476,11640,3
5477,11640,7
5478,552,46
5479,6131,46
5480,21268,48
5481,21967,16
5482,3472,7
5483,3953,16
5484,11658,7
5485,12190,31
5486,9701,25
5487,21254,16
5488,21259,48
5489,21967,16
5490,11189,25
5491,1326,16
5492,21967,16
5493,18409,16
5494,486,48
5495,18415,16
5496,3953,16
5497,20627,47
5498,2643,32
5499,2643,32
5500,21166,19
5501,11696,7
5502,21967,16
5503,9678,25
5504,2518,7
5505,21191,32
5506,20866,48
5507,21456,48
5508,683,25
5509,3144,31
5510,13648,19
5511,21711,16
5512,7671,32
5513,11682,7
5514,18415,16
5515,6219,48
5516,3953,16
5517,21187,32
5518,2199,32
5519,21967,16
5520,9698,25
5521,2643,32
5522,17003,3
5523,17003,7
5524,18093,7
5525,1261,25
5526,2364,16
5527,6374,48
5528,2292,31
5529,10493,7
5530,10078,48
5531,18422,16
5532,2644,32
5533,4088,31
5534,21256,16
5535,3466,7
5536,21191,32
5537,3382,16
5538,15551,25
5539,11670,7
5540,18280,7
5541,11709,7
5542,11709,31
5543,9381,25
5544,3470,7
5545,3382,16
5546,18280,7
5547,708,48
5548,3968,32
5549,20589,47
5550,8955,7
5551,3953,16
5552,20544,48
5553,3953,16
5554,3187,48
5555,21799,48
5556,22116,48
5557,7399,16
5558,20455,31
5559,2440,46
5560,11704,7
5561,18415,16
5562,21189,32
5563,3953,16
5564,2187,46
5565,9761,25
5566,21967,16
5567,10376,25
5568,3188,48
5569,6611,14
5570,2189,25
5571,20644,48
5572,7687,32
5573,9765,25
5574,21329,31
5575,21764,48
5576,11653,7
5577,21967,16
5578,20693,31
5579,20567,48
5580,3466,7
5581,20567,48
5582,21600,25
5583,18409,16
5584,720,48
5585,3953,16
5586,11658,7
5587,2544,25
5588,4142,16
5589,18410,16
5590,11696,7
5591,18409,16
5592,18415,16
5593,19597,48
5594,21189,32
5595,18426,16
5596,21170,19
5597,10928,16
5598,2608,19
5599,21289,25
5600,11651,7
5601,23266,16
5602,18410,16
5603,6108,1
5604,6108,16
5605,775,31
5606,2643,32
5607,3382,16
5608,7875,16
5609,21123,25
5610,18409,16
5611,18415,16
5612,21967,16
5613,21416,16
5614,7666,32
5615,11715,7
5616,3695,48
5617,9224,48
5618,18409,16
5619,575,48
5620,3787,46
5621,10269,48
5622,22631,16
5623,3212,25
5624,12703,46
5625,21967,16
5626,21416,16
5627,21967,16
5628,18409,16
5629,9360,46
5630,21903,32
5631,10481,48
5632,3953,16
5633,3382,16
5634,18280,7
5635,3953,16
5636,18422,16
5637,11702,7
5638,11702,16
5639,2644,32
5640,10917,25
5641,2440,46
5642,7666,32
5643,2249,16
5644,18409,16
5645,12111,47
5646,15069,31
5647,3842,25
5648,21274,48
5649,3189,48
5650,21572,48
5651,13008,47
5652,4148,16
5653,21967,16
5654,18409,16
5655,18409,16
5656,520,25
5657,3667,30
5658,21004,46
5659,21967,16
5660,13912,25
5661,3953,16
5662,18409,16
5663,23266,16
5664,21967,16
5665,582,48
5666,9527,31
5667,21274,48
5668,2249,16
5669,3953,16
5670,552,46
5671,4131,16
5672,22869,32
5673,18409,16
5674,588,25
5675,21967,16
5676,3472,7
5677,3761,9
5678,3953,16
5679,21159,16
5680,21967,16
5681,18409,16
5682,21262,48
5683,21398,16
5684,21967,16
5685,11075,48
5686,18422,16
5687,18409,16
5688,7325,19
5689,3953,16
5690,707,31
5691,707,48
5692,9225,48
5693,2643,32
5694,17611,23
5695,4159,1
5696,4159,31
5697,2643,32
5698,12003,7
5699,9125,7
5700,21967,16
5701,11167,19
5702,11687,7
5703,2643,32
5704,9678,25
5705,12157,48
5706,11658,7
5707,9558,16
5708,3517,23
5709,21191,32
5710,2643,32
5711,20745,16
5712,683,25
5713,745,25
5714,8973,31
5715,18277,7
5716,1257,4
5717,9309,48
5718,18415,16
5719,3604,48
5720,3178,48
5721,3953,16
5722,21281,48
5723,21967,16
5724,21967,16
5725,7667,32
5726,14592,3
5727,3500,16
5728,11665,7
5729,2442,46
5730,3556,48
5731,7666,32
5732,9336,31
5733,485,48
5734,3557,48
5735,684,25
5736,2644,32
5737,3783,48
5738,2463,31
5739,21967,16
5740,11678,7
5741,4148,16
5742,3554,48
5743,2642,32
5744,23266,16
5745,5599,16
5746,1483,48
5747,12205,23
5748,6915,7
5749,14582,25
5750,14582,46
5751,677,25
5752,15975,7
5753,3782,48
5754,21803,46
5755,3174,31
5756,3174,48
5757,7636,32
5758,3953,16
5759,21398,16
5760,7672,32
5761,2249,16
5762,3472,7
5763,3953,16
5764,21416,16
5765,22986,16
5766,2435,46
5767,20999,46
5768,18409,16
5769,21885,16
5770,18415,16
5771,3953,16
5772,21670,25
5773,21190,32
5774,7670,32
5775,11679,7
5776,4148,16
5777,21967,16
5778,3953,16
5779,21327,31
5780,21063,31
5781,3382,16
5782,11701,7
5783,11701,16
5784,11165,19
5785,9491,48
5786,749,31
5787,10263,13
5788,21967,16
5789,16478,19
5790,568,48
5791,11676,7
5792,11676,31
5793,3953,16
5794,21132,46
5795,23163,31
5796,3953,16
5797,18409,16
5798,3516,23
5799,796,25
5800,11696,7
5801,21000,46
5802,21598,19
5803,23083,31
5804,18409,16
5805,4131,16
5806,9464,16
5807,23535,7
5808,11643,7
5809,11651,7
5810,22744,16
5811,6370,31
5812,18333,31
5813,18410,16
5814,21189,32
5815,7665,32
5816,15708,31
5817,2655,46
5818,10928,16
5819,18435,16
5820,3382,16
5821,18415,16
5822,21967,16
5823,2439,46
5824,22838,46
5825,1510,48
5826,9224,48
5827,14592,3
5828,3477,16
5829,3934,7
5830,9558,16
5831,2432,1
5832,15527,25
5833,21967,16
5834,21416,16
5835,21967,16
5836,9558,16
5837,18409,16
5838,3324,25
5839,1133,48
5840,3485,48
5841,18409,16
5842,22922,25
5843,21416,16
5844,9333,48
5845,11691,7
5846,7671,32
5847,3953,16
5848,20745,16
5849,21169,19
5850,9318,25
5851,3953,16
5852,23266,16
5853,3739,25
5854,7666,32
5855,21271,25
5856,21271,48
5857,2249,16
5858,18409,16
5859,21189,32
5860,3953,16
5861,21841,19
5862,21572,48
5863,23266,16
5864,21416,16
5865,3514,23
5866,3777,23
5867,7666,32
5868,23267,16
5869,2203,48
5870,18409,16
5871,2644,32
5872,18409,16
5873,18409,16
5874,21967,16
5875,3953,16
5876,20840,5
5877,20840,7
5878,20840,48
5879,21967,16
5880,582,48
5881,20878,16
5882,21274,48
5883,7665,32
5884,3954,16
5885,2249,16
5886,21967,16
5887,2433,1
5888,2433,31
5889,10124,7
5890,3953,16
5891,14320,46
5892,18425,16
5893,18409,16
5894,3956,16
5895,23162,31
5896,21967,16
5897,3518,23
5898,3953,16
5899,9498,16
5900,21967,16
5901,9558,16
5902,18409,16
5903,4087,48
5904,12030,31
5905,21967,16
5906,21493,7
5907,2436,46
5908,18409,16
5909,701,46
5910,3515,23
5911,11686,7
5912,3953,16
5913,21257,16
5914,2643,32
5915,21967,16
5916,2608,19
5917,18409,16
5918,16632,32
5919,22749,16
5920,9558,16
5921,7665,32
5922,583,48
5923,21193,32
5924,5593,32
5925,11713,7
5926,12203,23
5927,22883,23
5928,18430,16
5929,6133,46
5930,8935,25
5931,21172,19
5932,18427,16
5933,21971,16
5934,18415,16
5935,23269,16
5936,3604,48
5937,21281,48
5938,3953,16
5939,21967,16
5940,3214,25
5941,20745,16
5942,2340,16
5943,2340,24
5944,3182,48
5945,3958,16
5946,18431,16
5947,3606,31
5948,810,31
5949,10928,16
5950,3953,16
5951,2644,32
5952,3404,31
5953,23266,16
5954,21967,16
5955,21191,32
5956,3382,16
5957,20745,16
5958,450,48
5959,21131,46
5960,21970,16
5961,21978,16
5962,9558,16
5963,22739,46
5964,20698,32
5965,3834,25
5966,2626,23
5967,21203,46
5968,3953,16
5969,365,48
5970,2188,48
5971,16994,7
5972,2249,16
5973,2643,32
5974,2249,16
5975,3953,16
5976,3472,7
5977,3187,48
5978,21416,16
5979,21257,16
5980,6960,48
5981,12206,23
5982,18409,16
5983,2625,23
5984,3519,23
5985,473,31
5986,3953,16
5987,3924,32
5988,17374,3
5989,21544,48
5990,16285,16
5991,3209,25
5992,21967,16
5993,3953,16
5994,4164,16
5995,2644,32
5996,3215,25
5997,21264,48
5998,11701,7
5999,11701,16
6000,9360,46
6001,21967,16
6002,21967,16
6003,21191,32
6004,9395,16
6005,3953,16
6006,3200,48
6007,3357,25
6008,3953,16
6009,18409,16
6010,581,48
6011,3467,7
6012,18409,16
6013,21416,16
6014,18415,16
6015,3503,48
6016,3155,31
6017,3777,23
6018,21426,16
6019,9438,48
6020,824,16
6021,238,16
6022,238,23
6023,21968,16
6024,12206,23
6025,3304,25
6026,2608,19
6027,16189,14
6028,11721,7
6029,3518,23
6030,3177,46
6031,3177,48
6032,11828,48
6033,12207,23
6034,21189,32
6035,7665,32
6036,21166,19
6037,13254,13
6038,21417,16
6039,3385,3
6040,20935,31
6041,11649,7
6042,2643,32
6043,3382,16
6044,3489,46
6045,9194,48
6046,18415,16
6047,21967,16
6048,21416,16
6049,18281,7
6050,3953,16
6051,3463,7
6052,9224,48
6053,704,25
6054,731,31
6055,18410,16
6056,706,31
6057,2249,16
6058,21967,16
6059,21416,16
6060,3556,48
6061,7670,32
6062,21967,16
6063,9558,16
6064,18295,16
6065,18409,16
6066,4113,46
6067,702,46
6068,3953,16
6069,18409,16
6070,15057,31
6071,3953,16
6072,755,25
6073,755,46
6074,18423,16
6075,3953,16
6076,3514,23
6077,3382,16
6078,5856,48
6079,3507,48
6080,3953,16
6081,3518,23
6082,700,31
6083,18409,16
6084,3953,16
6085,9696,25
6086,20533,9
6087,3532,31
6088,7666,32
6089,21288,25
6090,10268,48
6091,20208,16
6092,21227,47
6093,18409,16
6094,21495,7
6095,21967,16
6096,3513,23
6097,21416,16
6098,21792,31
6099,18409,16
6100,439,25
6101,439,48
6102,21967,16
6103,3953,16
6104,18409,16
6105,21967,16
6106,3605,48
6107,3953,16
6108,3955,16
6109,11656,7
6110,18424,16
6111,3953,16
6112,22715,7
6113,3175,48
6114,18409,16
6115,21967,16
6116,3517,23
6117,3953,16
6118,3465,7
6119,21967,16
6120,23268,16
6121,9558,16
6122,18409,16
6123,12205,23
6124,21967,16
6125,21622,16
6126,2154,23
6127,20827,23
6128,21967,16
6129,18409,16
6130,21189,32
6131,3953,16
6132,3183,48
6133,2643,32
6134,9225,48
6135,2643,32
6136,3463,7
6137,20716,31
6138,21967,16
6139,2608,19
6140,834,31
6141,16213,32
6142,10137,7
6143,9191,46
6144,9191,48
6145,3517,23
6146,7665,32
6147,9457,47
6148,683,25
6149,21520,7
6150,9201,48
6151,18422,16
6152,6538,31
6153,18415,16
6154,18411,16
6155,2341,24
6156,3953,16
6157,21967,16
6158,2335,23
6159,10041,23
6160,9222,48
6161,797,25
6162,22960,25
6163,10928,16
6164,21970,16
6165,11696,7
6166,3837,25
6167,16249,19
6168,21967,16
6169,21256,16
6170,21191,32
6171,20897,23
6172,21970,16
6173,20745,16
6174,21970,16
6175,9558,16
6176,3382,16
6177,629,31
6178,3968,32
6179,3382,16
6180,2313,48
6181,3953,16
6182,2335,23
6183,21126,16
6184,2608,19
6185,2249,16
6186,2643,32
6187,2249,16
6188,3953,16
6189,3780,48
6190,3187,48
6191,3382,16
6192,21967,16
6193,21416,16
6194,3279,16
6195,21967,16
6196,3953,16
6197,3175,48
6198,18409,16
6199,21189,32
6200,20745,16
6201,3920,16
6202,3953,16
6203,832,25
6204,21967,16
6205,3652,16
6206,21967,16
6207,3953,16
6208,3626,46
6209,14583,25
6210,3382,16
6211,20451,31
6212,2461,48
6213,21967,16
6214,3600,25
6215,3600,48
6216,18409,16
6217,21967,16
6218,21967,16
6219,3953,16
6220,3436,25
6221,2561,46
6222,2342,48
6223,10363,13
6224,3472,7
6225,3962,16
6226,18409,16
6227,7549,23
6228,18413,7
6229,18413,16
6230,3516,23
6231,18412,16
6232,18421,7
6233,18421,16
6234,18409,16
6235,21066,14
6236,20724,16
6237,9464,16
6238,13722,16
6239,2558,16
6240,10928,16
6241,3518,23
6242,3652,16
6243,23266,16
6244,17627,16
6245,21573,48
6246,11651,7
6247,3781,48
6248,7875,16
6249,3695,48
6250,18409,16
6251,2186,46
6252,9558,16
6253,22097,31
6254,3324,25
6255,755,25
6256,755,46
6257,9292,4
6258,3842,25
6259,3777,23
6260,23267,16
6261,18409,16
6262,574,48
6263,21967,16
6264,582,48
6265,12162,48
6266,4081,48
6267,11675,7
6268,21967,16
6269,12190,31
6270,3183,48
6271,12003,7
6272,6128,46
6273,21971,16
6274,16994,7
6275,20745,16
6276,10928,16
6277,18093,7
6278,23266,16
6279,2626,23
6280,12149,48
6281,3187,48
6282,3953,16
6283,3953,16
6284,3924,32
6285,21190,32
6286,6611,14
6287,11676,7
6288,11676,31
6289,9395,16
6290,21600,25
6291,2561,46
6292,18413,7
6293,18413,16
6294,18412,16
6295,21277,46
6296,19597,48
6297,9361,46
6298,9438,48
6299,20828,23
6300,22744,16
6301,13254,13
6302,6614,14
6303,2475,48
6304,21417,16
6305,11712,7
6306,11712,48
6307,3464,7
6308,14592,3
6309,7666,32
6310,18410,16
6311,7621,32
6312,9360,46
6313,3424,25
6314,9408,48
6315,2644,32
6316,11702,7
6317,11702,16
6318,11654,7
6319,11689,7
6320,12111,47
6321,11680,7
6322,21416,16
6323,439,25
6324,439,48
6325,9609,48
6326,3518,23
6327,19711,47
6328,10121,48
6329,21398,16
6330,6379,7
6331,6379,31
6332,18422,16
6333,486,48
6334,2645,32
6335,18415,16
6336,4013,32
6337,21256,16
6338,21166,19
6339,18409,16
6340,18277,7
6341,7671,32
6342,11648,7
6343,17003,3
6344,17003,7
6345,7626,32
6346,12587,25
6347,7672,32
6348,16994,7
6349,3780,48
6350,21416,16
6351,20999,46
6352,2625,23
6353,18671,32
6354,20644,48
6355,10263,13
6356,20567,48
6357,21967,16
6358,2644,32
6359,9700,25
6360,2435,46
6361,581,48
6362,11696,7
6363,21000,46
6364,4131,16
6365,18426,16
6366,10928,16
6367,17627,16
6368,3489,46
6369,18415,16
6370,9224,48
6371,18409,16
6372,21416,16
6373,21169,19
6374,2609,19
6375,314,7
6376,3518,23
6377,7666,32
6378,7666,32
6379,21288,25
6380,18409,16
6381,21004,46
6382,11697,7
6383,2249,16
6384,3955,16
6385,17885,48
6386,3956,16
6387,17611,23
6388,3180,48
6389,2643,32
6390,11708,7
6391,21172,19
6392,18427,16
6393,3214,25
6394,3182,48
6395,19137,7
6396,3696,48
6397,3301,46
6398,20897,23
6399,18280,7
6400,1483,48
6401,3809,48
6402,7636,32
6403,20477,31
6404,7666,32
6405,9761,25
6406,11679,7
6407,3464,7
6408,6383,7
6409,21834,25
6410,11663,7
6411,2441,46
6412,2544,25
6413,18409,16
6414,23083,31
6415,3471,7
6416,824,16
6417,11721,7
6418,23266,16
6419,21573,48
6420,1262,4
6421,6876,48
6422,21967,16
6423,7666,32
6424,3463,7
6425,9490,25
6426,15527,25
6427,9558,16
6428,11664,7
6429,7666,32
6430,14580,25
6431,23266,16
6432,6910,7
6433,5856,48
6434,11705,7
6435,9571,48
6436,7666,32
6437,2608,19
6438,9179,7
6439,9179,48
6440,824,16
6441,3465,7
6442,21259,48
6443,22030,31
6444,11651,7
6445,3463,7
6446,11696,7
6447,2608,19
6448,10137,7
6449,7665,32
6450,5593,32
6451,21266,48
6452,18422,16
6453,7671,32
6454,21281,48
6455,3178,48
6456,23031,48
6457,21967,16
6458,22960,25
6459,797,25
6460,3953,16
6461,9336,31
6462,10493,7
6463,3837,25
6464,23266,16
6465,258,7
6466,6960,48
6467,21967,16
6468,3215,25
6469,3382,16
6470,21256,16
6471,21189,32
6472,11645,7
6473,7671,32
6474,3652,16
6475,6370,31
6476,12207,23
6477,18753,7
6478,2655,46
6479,21416,16
6480,3469,7
6481,575,48
6482,3179,48
6483,21572,48
6484,9391,48
6485,21492,7
6486,11691,7
6487,3953,16
6488,2281,23
6489,21227,47
6490,3667,30
6491,21967,16
6492,9527,31
6493,9683,25
6494,2433,1
6495,2433,31
6496,6131,46
6497,21159,16
6498,4087,48
6499,2436,46
6500,701,46
6501,3953,16
6502,22749,16
6503,11688,5
6504,11688,7
6505,20735,25
6506,11713,7
6507,22883,23
6508,2335,23
6509,810,31
6510,9196,7
6511,9196,48
6512,2463,31
6513,11678,7
6514,11670,7
6515,6915,7
6516,21126,16
6517,12206,23
6518,215,48
6519,2644,32
6520,10386,14
6521,21327,31
6522,3188,48
6523,7666,32
6524,2648,46
6525,3953,16
6526,9464,16
6527,238,16
6528,238,23
6529,22100,31
6530,20935,31
6531,20719,13
6532,2439,46
6533,18281,7
6534,704,25
6535,731,31
6536,22922,25
6537,18280,7
6538,21189,32
6539,407,25
6540,6914,7
6541,4148,16
6542,3513,23
6543,18409,16
6544,14181,48
6545,3954,16
6546,21171,19
6547,18425,16
6548,11696,7
6549,21254,16
6550,9558,16
6551,22857,19
6552,21622,16
6553,6216,46
6554,9225,48
6555,4159,1
6556,4159,31
6557,15077,31
6558,2643,32
6559,745,25
6560,18436,16
6561,3501,25
6562,21187,32
6563,18431,16
6564,1261,25
6565,7666,32
6566,21970,16
6567,20544,48
6568,22986,16
6569,18409,16
6570,3209,25
6571,3626,46
6572,2660,48
6573,11701,7
6574,11701,16
6575,21764,48
6576,12158,48
6577,10125,7
6578,20567,48
6579,18409,16
6580,11658,7
6581,18410,16
6582,16243,23
6583,18423,16
6584,9094,16
6585,16189,14
6586,18410,16
6587,590,25
6588,11715,7
6589,3248,25
6590,21622,16
6591,10928,16
6592,20454,31
6593,22037,25
6594,18409,16
6595,15057,31
6596,3507,48
6597,3739,25
6598,21967,16
6599,21967,16
6600,520,25
6601,23266,16
6602,20878,16
6603,14320,46
6604,11658,7
6605,9455,48
6606,1326,16
6607,21967,16
6608,20627,47
6609,2643,32
6610,9125,7
6611,21967,16
6612,11167,19
6613,11699,7
6614,6174,46
6615,21192,32
6616,3958,16
6617,11696,7
6618,684,25
6619,3404,31
6620,3466,7
6621,14582,25
6622,14582,46
6623,3471,7
6624,15975,7
6625,3382,16
6626,20589,47
6627,2249,16
6628,21967,16
6629,11644,7
6630,7668,32
6631,2435,46
6632,3519,23
6633,18415,16
6634,17374,3
6635,16285,16
6636,21124,25
6637,14543,25
6638,2342,48
6639,14555,25
6640,21066,14
6641,3177,46
6642,3177,48
6643,489,46
6644,11650,7
6645,18409,16
6646,3787,46
6647,7666,32
6648,3477,16
6649,21967,16
6650,14263,31
6651,3760,9
6652,18295,16
6653,702,46
6654,3562,31
6655,20745,16
6656,16994,7
6657,3699,48
6658,18409,16
6659,9558,16
6660,22712,25
6661,20533,9
6662,3514,23
6663,21792,31
6664,21496,7
6665,8973,31
6666,7315,19
6667,11656,7
6668,3953,16
6669,11640,3
6670,11640,7
6671,11189,25
6672,11075,48
6673,5839,19
6674,2643,32
6675,20716,31
6676,20866,48
6677,1257,4
6678,6133,46
6679,11682,7
6680,3604,48
6681,1147,25
6682,21967,16
6683,3500,16
6684,2442,46
6685,2640,32
6686,11709,7
6687,11709,31
6688,2642,32
6689,22739,46
6690,3382,16
6691,3953,16
6692,2431,2
6693,16231,25
6694,21885,16
6695,21189,32
6696,21544,48
6697,21063,31
6698,13740,7
6699,9765,25
6700,749,31
6701,21329,31
6702,3600,25
6703,3600,48
6704,3466,7
6705,21967,16
6706,3962,16
6707,11045,48
6708,2558,16
6709,21189,32
6710,15708,31
6711,775,31
6712,3382,16
6713,7669,32
6714,16225,25
6715,11649,7
6716,3514,23
6717,9311,48
6718,582,48
6719,20208,16
6720,21495,7
6721,2644,32
6722,3210,25
6723,18409,16
6724,21274,48
6725,7665,32
6726,9363,46
6727,11644,7
6728,12030,31
6729,20827,23
6730,16213,32
6731,3466,7
6732,21191,32
6733,21193,32
6734,7668,32
6735,21972,16
6736,14592,3
6737,9698,25
6738,3557,48
6739,11662,7
6740,3783,48
6741,21967,16
6742,6965,25
6743,20745,16
6744,5599,16
6745,2188,48
6746,11717,5
6747,11717,7
6748,21166,19
6749,3279,16
6750,21967,16
6751,4148,16
6752,7687,32
6753,21938,16
6754,16478,19
6755,16300,31
6756,3953,16
6757,7549,23
6758,796,25
6759,11667,7
6760,21968,16
6761,12206,23
6762,2608,19
6763,11651,7
6764,2198,19
6765,21166,19
6766,10928,16
6767,11649,7
6768,21123,25
6769,18415,16
6770,12574,16
6771,2249,16
6772,21416,16
6773,11651,7
6774,11644,7
6775,6600,31
6776,4113,46
6777,3953,16
6778,5588,19
6779,21841,19
6780,21572,48
6781,21967,16
6782,10124,7
6783,6380,7
6784,6380,31
6785,22869,32
6786,3761,9
6787,3517,23
6788,18409,16
6789,3842,25
6790,3515,23
6791,707,31
6792,707,48
6793,11687,7
6794,11658,7
6795,11700,7
6796,11700,16
6797,12203,23
6798,2333,23
6799,9241,31
6800,9241,48
6801,18430,16
6802,21711,16
6803,18415,16
6804,23269,16
6805,6219,48
6806,2340,16
6807,2340,24
6808,11658,7
6809,6374,48
6810,18422,16
6811,21256,16
6812,4148,16
6813,13009,16
6814,18280,7
6815,708,48
6816,677,25
6817,3782,48
6818,3834,25
6819,3472,7
6820,22116,48
6821,18677,4
6822,18677,32
6823,2440,46
6824,21967,16
6825,2608,19
6826,2461,48
6827,21967,16
6828,21967,16
6829,3436,25
6830,3472,7
6831,3777,23
6832,3518,23
6833,12583,48
6834,10122,7
6835,2643,32
6836,9194,48
6837,7668,32
6838,10928,16
6839,9317,48
6840,10269,48
6841,3934,7
6842,21903,32
6843,18423,16
6844,3506,48
6845,5856,48
6846,2644,32
6847,21274,48
6848,21503,46
6849,3953,16
6850,20840,5
6851,20840,7
6852,20840,48
6853,4131,16
6854,21268,48
6855,18420,16
6856,21967,16
6857,20642,48
6858,9678,25
6859,9558,16
6860,3517,23
6861,9368,16
6862,583,48
6863,8973,31
6864,18411,16
6865,3953,16
6866,21131,46
6867,3470,7
6868,629,31
6869,8955,7
6870,19706,4
6871,19706,32
6872,21257,16
6873,11652,7
6874,21264,48
6875,11716,7
6876,20898,23
6877,6097,2
6878,11653,7
6879,18409,16
6880,2198,19
6881,15729,25
6882,20724,16
6883,23535,7
6884,23567,7
6885,11643,7
6886,22870,32
6887,18333,31
6888,4082,48
6889,3953,16
6890,4074,46
6891,11651,7
6892,3556,48
6893,21801,48
6894,3867,31
6895,21142,31
6896,3974,25
6897,18409,16
6898,9318,25
6899,20229,14
6900,2249,16
6901,3953,16
6902,13008,47
6903,2203,48
6904,2249,16
6905,11659,7
6906,1331,7
6907,20929,25
6908,18424,16
6909,3175,48
6910,3167,48
6911,3953,16
6912,9701,25
6913,2643,32
6914,15295,48
6915,9191,46
6916,9191,48
6917,21456,48
6918,22164,16
6919,2585,31
6920,9309,48
6921,6538,31
6922,2199,32
6923,10041,23
6924,9222,48
6925,11696,7
6926,16249,19
6927,3382,16
6928,21065,31
6929,21015,46
6930,7739,48
6931,2335,23
6932,2608,19
6933,11720,5
6934,11720,7
6935,2643,32
6936,7399,16
6937,20455,31
6938,20451,31
6939,21856,31
6940,21170,19
6941,11651,7
6942,10157,48
6943,6108,1
6944,6108,16
6945,3212,25
6946,9096,16
6947,3953,16
6948,3953,16
6949,9696,25
6950,3532,31
6951,11698,7
6952,3605,48
6953,22715,7
6954,11641,7
6955,11652,7
6956,11658,7
6957,20557,48
6958,20745,16
6959,3144,31
6960,2341,24
6961,3213,25
6962,21970,16
6963,7397,16
6964,450,48
6965,9381,25
6966,9558,16
6967,2313,48
6968,21203,46
6969,365,48
6970,2249,16
6971,3382,16
6972,21943,48
6973,20453,31
6974,11704,7
6975,18353,7
6976,20745,16
6977,7670,32
6978,6129,46
6979,11165,19
6980,9469,48
6981,23163,31
6982,10363,13
6983,3357,25
6984,21416,16
6985,9559,16
6986,5501,7
6987,3304,25
6988,21240,31
6989,18925,16
6990,3385,3
6991,18415,16
6992,7641,32
6993,22838,46
6994,20986,48
6995,3485,48
6996,18754,7
6997,7670,32
6998,11089,30
6999,18422,16
7000,23266,16
7001,2440,46
7002,21271,25
7003,21271,48
7004,700,31
7005,2437,46
7006,9223,48
7007,10268,48
7008,18679,4
7009,18679,32
7010,21574,48
7011,10124,7
7012,18675,4
7013,13912,25
7014,13190,46
7015,16790,16
7016,18409,16
7017,23162,31
7018,3472,7
7019,9498,16
7020,21967,16
7021,23268,16
7022,3517,23
7023,13252,13
7024,11658,7
7025,683,25
7026,9201,48
7027,13648,19
7028,9207,25
7029,9207,48
7030,3606,31
7031,11665,7
7032,3556,48
7033,485,48
7034,3181,48
7035,11711,7
7036,11711,48
7037,15551,25
7038,21970,16
7039,3554,48
7040,12205,23
7041,6214,46
7042,3174,31
7043,3174,48
7044,21398,16
7045,3175,48
7046,832,25
7047,3953,16
7048,9491,48
7049,9360,46
7050,2354,31
7051,9458,31
7052,11658,7
7053,11658,7
7054,10243,47
7055,3468,7
7056,4068,31
7057,21289,25
7058,11828,48
7059,2311,16
7060,18435,16
7061,1510,48
7062,11651,7
7063,3473,7
7064,706,31
7065,6373,48
7066,21286,25
7067,9333,48
7068,11710,7
7069,11710,48
7070,18269,16
7071,15069,31
7072,3189,48
7073,21416,16
7074,2644,32
7075,18107,31
7076,12002,7
7077,7666,32
7078,3953,16
7079,552,46
7080,4086,48
7081,588,25
7082,18409,16
7083,12205,23
7084,2154,23
7085,10262,31
7086,11655,7
7087,7325,19
7088,21189,32
7089,21189,32
7090,2259,31
7091,3188,48
7092,15918,16
7093,21520,7
7094,8935,25
7095,2643,32
7096,2292,31
7097,21191,32
7098,21978,16
7099,3968,32
7100,3820,46
7101,3953,16
7102,3920,16
7103,22921,48
7104,473,31
7105,20735,25
7106,14583,25
7107,10376,25
7108,2189,25
7109,568,48
7110,720,48
7111,3200,48
7112,21132,46
7113,3516,23
7114,18409,16
7115,3463,7
7116,21613,31
7117,18336,7
7118,3505,48
7119,21167,19
7120,21187,32
7121,11648,7
7122,9558,16
7123,22631,16
7124,2432,1
7125,7670,32
7126,21967,16
7127,3953,16
7128,1133,48
7129,10481,48
7130,7671,32
7131,3382,16
7132,10917,25
7133,3211,25
7134,11651,7
7135,3663,30
7136,9544,31
7137,3953,16
7138,13599,32
7139,19134,7
7140,19134,11
7141,3502,47
7142,21262,48
7143,21493,7
7144,11686,7
7145,12703,46
7146,21257,16
7147,834,31
7148,12157,48
7149,16632,32
7150,2518,7
7151,9457,47
7152,22688,19
7153,7329,19
7154,7667,32
7155,2364,16
7156,10078,48
7157,9782,32
7158,2644,32
7159,4088,31
7160,20474,31
7161,3382,16
7162,11658,7
7163,20698,32
7164,21803,46
7165,17625,16
7166,21799,48
7167,21265,46
7168,21265,48
7169,21670,25
7170,2187,46
7171,3652,16
7172,4164,16
7173,21269,48
7174,21967,16
7175,20693,31
7176,21191,32
7177,2353,31
7178,4142,16
7179,21598,19
7180,18421,7
7181,18421,16
7182,3467,7
7183,18415,16
7184,3503,48
7185,3155,31
7186,21426,16
7187,13722,16
7188,10656,5
7189,10656,7
7190,10656,50
7191,7665,32
7192,9193,48
7193,4431,7
7194,3114,31
7195,8279,25
7196,2966,48
7197,3050,32
7198,4379,46
7199,4495,31
7200,3114,31
7201,2688,46
7202,8438,48
7203,4431,7
7204,3114,31
7205,8279,25
7206,2966,48
7207,3050,32
7208,4379,46
7209,8637,48
7210,4495,31
7211,3114,31
7212,2688,46
7213,7685,32
7214,16994,7
7215,7649,32
7216,12210,23
7217,7535,48
7218,7535,48
7219,12209,23
7220,7535,48
7221,20039,32
7222,7685,32
7223,12209,23
7224,16632,32
7225,7649,32
7226,20039,32
7227,7649,32
7228,19040,32
7229,12209,23
7230,12510,16
7231,16632,32
7232,20565,48
7233,20149,32
7234,16632,32
7235,7685,32
7236,16994,7
7237,7535,48
7238,20065,16
7239,12210,23
7240,7535,48
